Date,BTC-USD,^GSPC,^IXIC
2019-08-01,10399.6689453125,2953.56005859375,8111.1201171875
2019-08-02,10518.1748046875,2932.050048828125,8004.06982421875
2019-08-03,10821.7265625,,
2019-08-04,10970.1845703125,,
2019-08-05,11805.6533203125,2844.739990234375,7726.0400390625
2019-08-06,11478.1689453125,2881.77001953125,7833.27001953125
2019-08-07,11941.96875,2883.97998046875,7862.830078125
2019-08-08,11966.4072265625,2938.090087890625,8039.16015625
2019-08-09,11862.9365234375,2918.64990234375,7959.14013671875
2019-08-10,11354.0244140625,,
2019-08-11,11523.5791015625,,
2019-08-12,11382.6162109375,2882.699951171875,7863.41015625
2019-08-13,10895.830078125,2926.320068359375,8016.35986328125
2019-08-14,10051.7041015625,2840.60009765625,7773.93994140625
2019-08-15,10311.5458984375,2847.60009765625,7766.6201171875
2019-08-16,10374.3388671875,2888.679931640625,7895.990234375
2019-08-17,10231.744140625,,
2019-08-18,10345.810546875,,
2019-08-19,10916.0537109375,2923.64990234375,8002.81005859375
2019-08-20,10763.232421875,2900.510009765625,7948.56005859375
2019-08-21,10138.0498046875,2924.429931640625,8020.2099609375
2019-08-22,10131.0556640625,2922.949951171875,7991.39013671875
2019-08-23,10407.96484375,2847.110107421875,7751.77001953125
2019-08-24,10159.9609375,,
2019-08-25,10138.517578125,,
2019-08-26,10370.8203125,2878.3798828125,7853.740234375
2019-08-27,10185.5,2869.159912109375,7826.9501953125
2019-08-28,9754.4228515625,2887.93994140625,7856.8798828125
2019-08-29,9510.2001953125,2924.580078125,7973.39013671875
2019-08-30,9598.173828125,2926.4599609375,7962.8798828125
2019-08-31,9630.6640625,,
2019-09-01,9757.970703125,,
2019-09-02,10346.7607421875,,
2019-09-03,10623.5400390625,2906.27001953125,7874.16015625
2019-09-04,10594.4931640625,2937.780029296875,7976.8798828125
2019-09-05,10575.533203125,2976.0,8116.830078125
2019-09-06,10353.302734375,2978.7099609375,8103.06982421875
2019-09-07,10517.2548828125,,
2019-09-08,10441.2763671875,,
2019-09-09,10334.974609375,2978.429931640625,8087.43994140625
2019-09-10,10115.9755859375,2979.389892578125,8084.16015625
2019-09-11,10178.3720703125,3000.929931640625,8169.68017578125
2019-09-12,10410.126953125,3009.570068359375,8194.4697265625
2019-09-13,10360.546875,3007.389892578125,8176.7099609375
2019-09-14,10358.048828125,,
2019-09-15,10347.712890625,,
2019-09-16,10276.7939453125,2997.9599609375,8153.5400390625
2019-09-17,10241.2724609375,3005.699951171875,8186.02001953125
2019-09-18,10198.248046875,3006.72998046875,8177.39013671875
2019-09-19,10266.4150390625,3006.7900390625,8182.8798828125
2019-09-20,10181.6416015625,2992.070068359375,8117.669921875
2019-09-21,10019.716796875,,
2019-09-22,10070.392578125,,
2019-09-23,9729.32421875,2991.780029296875,8112.4599609375
2019-09-24,8620.56640625,2966.60009765625,7993.6298828125
2019-09-25,8486.9931640625,2984.8701171875,8077.3798828125
2019-09-26,8118.9677734375,2977.6201171875,8030.66015625
2019-09-27,8251.845703125,2961.7900390625,7939.6298828125
2019-09-28,8245.9150390625,,
2019-09-29,8104.185546875,,
2019-09-30,8293.8681640625,2976.739990234375,7999.33984375
2019-10-01,8343.2763671875,2940.25,7908.68017578125
2019-10-02,8393.0419921875,2887.610107421875,7785.25
2019-10-03,8259.9921875,2910.6298828125,7872.259765625
2019-10-04,8205.939453125,2952.010009765625,7982.47021484375
2019-10-05,8151.50048828125,,
2019-10-06,7988.15576171875,,
2019-10-07,8245.623046875,2938.7900390625,7956.2900390625
2019-10-08,8228.783203125,2893.06005859375,7823.77978515625
2019-10-09,8595.740234375,2919.39990234375,7903.740234375
2019-10-10,8586.4736328125,2938.1298828125,7950.77978515625
2019-10-11,8321.7568359375,2970.27001953125,8057.0400390625
2019-10-12,8336.5556640625,,
2019-10-13,8321.005859375,,
2019-10-14,8374.6865234375,2966.14990234375,8048.64990234375
2019-10-15,8205.369140625,2995.679931640625,8148.7099609375
2019-10-16,8047.52685546875,2989.68994140625,8124.18017578125
2019-10-17,8103.9111328125,2997.949951171875,8156.85009765625
2019-10-18,7973.20751953125,2986.199951171875,8089.5400390625
2019-10-19,7988.560546875,,
2019-10-20,8222.078125,,
2019-10-21,8243.720703125,3006.719970703125,8162.990234375
2019-10-22,8078.203125,2995.989990234375,8104.2998046875
2019-10-23,7514.671875,3004.52001953125,8119.7900390625
2019-10-24,7493.48876953125,3010.2900390625,8185.7998046875
2019-10-25,8660.7001953125,3022.550048828125,8243.1201171875
2019-10-26,9244.97265625,,
2019-10-27,9551.71484375,,
2019-10-28,9256.1484375,3039.419921875,8325.990234375
2019-10-29,9427.6875,3036.889892578125,8276.849609375
2019-10-30,9205.7265625,3046.77001953125,8303.98046875
2019-10-31,9199.5849609375,3037.56005859375,8292.3603515625
2019-11-01,9261.1044921875,3066.909912109375,8386.400390625
2019-11-02,9324.7177734375,,
2019-11-03,9235.3544921875,,
2019-11-04,9412.6123046875,3078.27001953125,8433.2001953125
2019-11-05,9342.52734375,3074.6201171875,8434.6796875
2019-11-06,9360.8798828125,3076.780029296875,8410.6298828125
2019-11-07,9267.5615234375,3085.179931640625,8434.51953125
2019-11-08,8804.880859375,3093.080078125,8475.3095703125
2019-11-09,8813.58203125,,
2019-11-10,9055.5263671875,,
2019-11-11,8757.7880859375,3087.010009765625,8464.2802734375
2019-11-12,8815.662109375,3091.840087890625,8486.08984375
2019-11-13,8808.2626953125,3094.0400390625,8482.099609375
2019-11-14,8708.0947265625,3096.6298828125,8479.01953125
2019-11-15,8491.9921875,3120.4599609375,8540.830078125
2019-11-16,8550.7607421875,,
2019-11-17,8577.9755859375,,
2019-11-18,8309.2861328125,3122.030029296875,8549.9404296875
2019-11-19,8206.1455078125,3120.179931640625,8570.66015625
2019-11-20,8027.26806640625,3108.4599609375,8526.73046875
2019-11-21,7642.75,3103.5400390625,8506.2099609375
2019-11-22,7296.57763671875,3110.2900390625,8519.8798828125
2019-11-23,7397.796875,,
2019-11-24,7047.9169921875,,
2019-11-25,7146.1337890625,3133.639892578125,8632.490234375
2019-11-26,7218.37109375,3140.52001953125,8647.9296875
2019-11-27,7531.66357421875,3153.6298828125,8705.1796875
2019-11-28,7463.10595703125,,
2019-11-29,7761.24365234375,3140.97998046875,8665.4697265625
2019-11-30,7569.6298828125,,
2019-12-01,7424.29248046875,,
2019-12-02,7321.98828125,3113.8701171875,8567.990234375
2019-12-03,7320.1455078125,3093.199951171875,8520.6396484375
2019-12-04,7252.03466796875,3112.760009765625,8566.669921875
2019-12-05,7448.3076171875,3117.429931640625,8570.7001953125
2019-12-06,7546.99658203125,3145.909912109375,8656.5302734375
2019-12-07,7556.23779296875,,
2019-12-08,7564.34521484375,,
2019-12-09,7400.8994140625,3135.9599609375,8621.830078125
2019-12-10,7278.11962890625,3132.52001953125,8616.1796875
2019-12-11,7217.42724609375,3141.6298828125,8654.0498046875
2019-12-12,7243.13427734375,3168.570068359375,8717.3203125
2019-12-13,7269.6845703125,3168.800048828125,8734.8798828125
2019-12-14,7124.673828125,,
2019-12-15,7152.3017578125,,
2019-12-16,6932.48046875,3191.449951171875,8814.23046875
2019-12-17,6640.51513671875,3192.52001953125,8823.3603515625
2019-12-18,7276.802734375,3191.139892578125,8827.740234375
2019-12-19,7202.84423828125,3205.3701171875,8887.2197265625
2019-12-20,7218.81640625,3221.219970703125,8924.9599609375
2019-12-21,7191.15869140625,,
2019-12-22,7511.5888671875,,
2019-12-23,7355.62841796875,3224.010009765625,8945.650390625
2019-12-24,7322.5322265625,3223.3798828125,8952.8798828125
2019-12-25,7275.15576171875,,
2019-12-26,7238.966796875,3239.909912109375,9022.3896484375
2019-12-27,7290.08837890625,3240.02001953125,9006.6201171875
2019-12-28,7317.990234375,,
2019-12-29,7422.65283203125,,
2019-12-30,7292.9951171875,3221.2900390625,8945.990234375
2019-12-31,7193.59912109375,3230.780029296875,8972.599609375
2020-01-01,7200.17431640625,,
2020-01-02,6985.47021484375,3257.85009765625,9092.1904296875
2020-01-03,7344.88427734375,3234.85009765625,9020.76953125
2020-01-04,7410.65673828125,,
2020-01-05,7411.3173828125,,
2020-01-06,7769.21923828125,3246.280029296875,9071.4697265625
2020-01-07,8163.6923828125,3237.179931640625,9068.580078125
2020-01-08,8079.86279296875,3253.050048828125,9129.240234375
2020-01-09,7879.0712890625,3274.699951171875,9203.4296875
2020-01-10,8166.55419921875,3265.35009765625,9178.8603515625
2020-01-11,8037.53759765625,,
2020-01-12,8192.494140625,,
2020-01-13,8144.1943359375,3288.1298828125,9273.9296875
2020-01-14,8827.7646484375,3283.14990234375,9251.330078125
2020-01-15,8807.0107421875,3289.2900390625,9258.7001953125
2020-01-16,8723.7861328125,3316.81005859375,9357.1298828125
2020-01-17,8929.0380859375,3329.6201171875,9388.9404296875
2020-01-18,8942.80859375,,
2020-01-19,8706.2451171875,,
2020-01-20,8657.642578125,,
2020-01-21,8745.89453125,3320.7900390625,9370.8095703125
2020-01-22,8680.8759765625,3321.75,9383.76953125
2020-01-23,8406.515625,3325.5400390625,9402.48046875
2020-01-24,8445.4345703125,3295.469970703125,9314.91015625
2020-01-25,8367.84765625,,
2020-01-26,8596.830078125,,
2020-01-27,8909.8193359375,3243.6298828125,9139.3095703125
2020-01-28,9358.58984375,3276.239990234375,9269.6796875
2020-01-29,9316.6298828125,3273.39990234375,9275.16015625
2020-01-30,9508.9931640625,3283.659912109375,9298.9296875
2020-01-31,9350.529296875,3225.52001953125,9150.9404296875
2020-02-01,9392.875,,
2020-02-02,9344.365234375,,
2020-02-03,9293.521484375,3248.919921875,9273.400390625
2020-02-04,9180.962890625,3297.590087890625,9467.9697265625
2020-02-05,9613.423828125,3334.68994140625,9508.6796875
2020-02-06,9729.8017578125,3345.780029296875,9572.150390625
2020-02-07,9795.943359375,3327.7099609375,9520.509765625
2020-02-08,9865.119140625,,
2020-02-09,10116.673828125,,
2020-02-10,9856.611328125,3352.090087890625,9628.3896484375
2020-02-11,10208.236328125,3357.75,9638.9404296875
2020-02-12,10326.0546875,3379.449951171875,9725.9599609375
2020-02-13,10214.3798828125,3373.93994140625,9711.9697265625
2020-02-14,10312.1162109375,3380.159912109375,9731.1796875
2020-02-15,9889.4248046875,,
2020-02-16,9934.43359375,,
2020-02-17,9690.142578125,,
2020-02-18,10141.99609375,3370.2900390625,9732.740234375
2020-02-19,9633.38671875,3386.14990234375,9817.1796875
2020-02-20,9608.4755859375,3373.22998046875,9750.9697265625
2020-02-21,9686.44140625,3337.75,9576.58984375
2020-02-22,9663.181640625,,
2020-02-23,9924.515625,,
2020-02-24,9650.1748046875,3225.889892578125,9221.2802734375
2020-02-25,9341.705078125,3128.2099609375,8965.6103515625
2020-02-26,8820.5224609375,3116.389892578125,8980.7802734375
2020-02-27,8784.494140625,2978.760009765625,8566.48046875
2020-02-28,8672.455078125,2954.219970703125,8567.3701171875
2020-02-29,8599.5087890625,,
2020-03-01,8562.4541015625,,
2020-03-02,8869.669921875,3090.22998046875,8952.169921875
2020-03-03,8787.7861328125,3003.3701171875,8684.08984375
2020-03-04,8755.24609375,3130.1201171875,9018.08984375
2020-03-05,9078.7626953125,3023.93994140625,8738.58984375
2020-03-06,9122.5458984375,2972.3701171875,8575.6201171875
2020-03-07,8909.9541015625,,
2020-03-08,8108.1162109375,,
2020-03-09,7923.64453125,2746.56005859375,7950.68017578125
2020-03-10,7909.7294921875,2882.22998046875,8344.25
2020-03-11,7911.43017578125,2741.3798828125,7952.0498046875
2020-03-12,4970.7880859375,2480.639892578125,7201.7998046875
2020-03-13,5563.70703125,2711.02001953125,7874.8798828125
2020-03-14,5200.3662109375,,
2020-03-15,5392.31494140625,,
2020-03-16,5014.47998046875,2386.1298828125,6904.58984375
2020-03-17,5225.62939453125,2529.18994140625,7334.77978515625
2020-03-18,5238.4384765625,2398.10009765625,6989.83984375
2020-03-19,6191.19287109375,2409.389892578125,7150.580078125
2020-03-20,6198.7783203125,2304.919921875,6879.52001953125
2020-03-21,6185.06640625,,
2020-03-22,5830.2548828125,,
2020-03-23,6416.31494140625,2237.39990234375,6860.669921875
2020-03-24,6734.8037109375,2447.330078125,7417.85986328125
2020-03-25,6681.06298828125,2475.56005859375,7384.2998046875
2020-03-26,6716.4404296875,2630.070068359375,7797.5400390625
2020-03-27,6469.79833984375,2541.469970703125,7502.3798828125
2020-03-28,6242.19384765625,,
2020-03-29,5922.04296875,,
2020-03-30,6429.841796875,2626.64990234375,7774.14990234375
2020-03-31,6438.64453125,2584.590087890625,7700.10009765625
2020-04-01,6606.7763671875,2470.5,7360.580078125
2020-04-02,6793.62451171875,2526.89990234375,7487.31005859375
2020-04-03,6733.38720703125,2488.64990234375,7373.080078125
2020-04-04,6867.52734375,,
2020-04-05,6791.12939453125,,
2020-04-06,7271.78125,2663.679931640625,7913.240234375
2020-04-07,7176.41455078125,2659.409912109375,7887.259765625
2020-04-08,7334.0986328125,2749.97998046875,8090.89990234375
2020-04-09,7302.08935546875,2789.820068359375,8153.580078125
2020-04-10,6865.4931640625,,
2020-04-11,6859.0830078125,,
2020-04-12,6971.091796875,,
2020-04-13,6845.03759765625,2761.6298828125,8192.419921875
2020-04-14,6842.427734375,2846.06005859375,8515.740234375
2020-04-15,6642.10986328125,2783.360107421875,8393.1796875
2020-04-16,7116.80419921875,2799.550048828125,8532.3603515625
2020-04-17,7096.1845703125,2874.56005859375,8650.1396484375
2020-04-18,7257.6650390625,,
2020-04-19,7189.4248046875,,
2020-04-20,6881.95849609375,2823.159912109375,8560.73046875
2020-04-21,6880.3232421875,2736.56005859375,8263.23046875
2020-04-22,7117.20751953125,2799.31005859375,8495.3798828125
2020-04-23,7429.724609375,2797.800048828125,8494.75
2020-04-24,7550.90087890625,2836.739990234375,8634.51953125
2020-04-25,7569.93603515625,,
2020-04-26,7679.8671875,,
2020-04-27,7795.60107421875,2878.47998046875,8730.16015625
2020-04-28,7807.05859375,2863.389892578125,8607.73046875
2020-04-29,8801.0380859375,2939.510009765625,8914.7099609375
2020-04-30,8658.5537109375,2912.429931640625,8889.5498046875
2020-05-01,8864.7666015625,2830.7099609375,8604.9501953125
2020-05-02,8988.5966796875,,
2020-05-03,8897.46875,,
2020-05-04,8912.654296875,2842.739990234375,8710.7099609375
2020-05-05,9003.0703125,2868.43994140625,8809.1201171875
2020-05-06,9268.76171875,2848.419921875,8854.3896484375
2020-05-07,9951.5185546875,2881.18994140625,8979.66015625
2020-05-08,9842.666015625,2929.800048828125,9121.3203125
2020-05-09,9593.896484375,,
2020-05-10,8756.4306640625,,
2020-05-11,8601.7958984375,2930.18994140625,9192.33984375
2020-05-12,8804.4775390625,2870.1201171875,9002.5498046875
2020-05-13,9269.9873046875,2820.0,8863.169921875
2020-05-14,9733.7216796875,2852.5,8943.7197265625
2020-05-15,9328.197265625,2863.699951171875,9014.5595703125
2020-05-16,9377.013671875,,
2020-05-17,9670.7392578125,,
2020-05-18,9726.5751953125,2953.909912109375,9234.830078125
2020-05-19,9729.0380859375,2922.93994140625,9185.099609375
2020-05-20,9522.9814453125,2971.610107421875,9375.7802734375
2020-05-21,9081.76171875,2948.510009765625,9284.8798828125
2020-05-22,9182.5771484375,2955.449951171875,9324.58984375
2020-05-23,9209.287109375,,
2020-05-24,8790.3681640625,,
2020-05-25,8906.9345703125,,
2020-05-26,8835.052734375,2991.77001953125,9340.2197265625
2020-05-27,9181.017578125,3036.1298828125,9412.3603515625
2020-05-28,9525.7509765625,3029.72998046875,9368.990234375
2020-05-29,9439.1240234375,3044.31005859375,9489.8701171875
2020-05-30,9700.4140625,,
2020-05-31,9461.05859375,,
2020-06-01,10167.2685546875,3055.72998046875,9552.0498046875
2020-06-02,9529.8037109375,3080.820068359375,9608.3798828125
2020-06-03,9656.7177734375,3122.8701171875,9682.91015625
2020-06-04,9800.63671875,3112.35009765625,9615.8095703125
2020-06-05,9665.533203125,3193.929931640625,9814.080078125
2020-06-06,9653.6796875,,
2020-06-07,9758.8525390625,,
2020-06-08,9771.4892578125,3232.389892578125,9924.75
2020-06-09,9795.7001953125,3207.179931640625,9953.75
2020-06-10,9870.0947265625,3190.139892578125,10020.349609375
2020-06-11,9321.78125,3002.10009765625,9492.73046875
2020-06-12,9480.84375,3041.31005859375,9588.8095703125
2020-06-13,9475.27734375,,
2020-06-14,9386.7880859375,,
2020-06-15,9450.7021484375,3066.590087890625,9726.01953125
2020-06-16,9538.0244140625,3124.739990234375,9895.8701171875
2020-06-17,9480.2548828125,3113.489990234375,9910.5302734375
2020-06-18,9411.8408203125,3115.340087890625,9943.0498046875
2020-06-19,9288.0185546875,3097.739990234375,9946.1201171875
2020-06-20,9332.3408203125,,
2020-06-21,9303.6298828125,,
2020-06-22,9648.7177734375,3117.860107421875,10056.48046875
2020-06-23,9629.658203125,3131.2900390625,10131.3701171875
2020-06-24,9313.6103515625,3050.330078125,9909.169921875
2020-06-25,9264.8134765625,3083.760009765625,10017.0
2020-06-26,9162.91796875,3009.050048828125,9757.2197265625
2020-06-27,9045.390625,,
2020-06-28,9143.58203125,,
2020-06-29,9190.8544921875,3053.239990234375,9874.150390625
2020-06-30,9137.9931640625,3100.2900390625,10058.76953125
2020-07-01,9228.3251953125,3115.860107421875,10154.6298828125
2020-07-02,9123.41015625,3130.010009765625,10207.6298828125
2020-07-03,9087.3037109375,,
2020-07-04,9132.48828125,,
2020-07-05,9073.9423828125,,
2020-07-06,9375.474609375,3179.719970703125,10433.650390625
2020-07-07,9252.27734375,3145.320068359375,10343.8896484375
2020-07-08,9428.3330078125,3169.93994140625,10492.5
2020-07-09,9277.9677734375,3152.050048828125,10547.75
2020-07-10,9278.8076171875,3185.0400390625,10617.4404296875
2020-07-11,9240.3466796875,,
2020-07-12,9276.5,,
2020-07-13,9243.6142578125,3155.219970703125,10390.83984375
2020-07-14,9243.2138671875,3197.52001953125,10488.580078125
2020-07-15,9192.8369140625,3226.56005859375,10550.490234375
2020-07-16,9132.2275390625,3215.570068359375,10473.830078125
2020-07-17,9151.392578125,3224.72998046875,10503.1904296875
2020-07-18,9159.0400390625,,
2020-07-19,9185.8173828125,,
2020-07-20,9164.2314453125,3251.840087890625,10767.08984375
2020-07-21,9374.8876953125,3257.300048828125,10680.3603515625
2020-07-22,9525.36328125,3276.02001953125,10706.1298828125
2020-07-23,9581.072265625,3235.659912109375,10461.419921875
2020-07-24,9536.892578125,3215.6298828125,10363.1796875
2020-07-25,9677.11328125,,
2020-07-26,9905.1669921875,,
2020-07-27,10990.873046875,3239.409912109375,10536.26953125
2020-07-28,10912.8232421875,3218.43994140625,10402.08984375
2020-07-29,11100.4677734375,3258.43994140625,10542.9404296875
2020-07-30,11111.2138671875,3246.219970703125,10587.8095703125
2020-07-31,11323.466796875,3271.1201171875,10745.26953125
2020-08-01,11759.5927734375,,
2020-08-02,11053.6142578125,,
2020-08-03,11246.3486328125,3294.610107421875,10902.7998046875
2020-08-04,11205.892578125,3306.510009765625,10941.169921875
2020-08-05,11747.0224609375,3327.77001953125,10998.400390625
2020-08-06,11779.7734375,3349.159912109375,11108.0703125
2020-08-07,11601.47265625,3351.280029296875,11010.98046875
2020-08-08,11754.0458984375,,
2020-08-09,11675.7392578125,,
2020-08-10,11878.111328125,3360.469970703125,10968.3603515625
2020-08-11,11410.525390625,3333.68994140625,10782.8203125
2020-08-12,11584.9345703125,3380.35009765625,11012.240234375
2020-08-13,11784.1376953125,3373.429931640625,11042.5
2020-08-14,11768.87109375,3372.85009765625,11019.2998046875
2020-08-15,11865.6982421875,,
2020-08-16,11892.8037109375,,
2020-08-17,12254.40234375,3381.989990234375,11129.73046875
2020-08-18,11991.2333984375,3389.780029296875,11210.83984375
2020-08-19,11758.283203125,3374.85009765625,11146.4599609375
2020-08-20,11878.3720703125,3385.510009765625,11264.9501953125
2020-08-21,11592.4892578125,3397.159912109375,11311.7998046875
2020-08-22,11681.8251953125,,
2020-08-23,11664.84765625,,
2020-08-24,11774.595703125,3431.280029296875,11379.7197265625
2020-08-25,11366.134765625,3443.6201171875,11466.4697265625
2020-08-26,11488.36328125,3478.72998046875,11665.0595703125
2020-08-27,11323.3974609375,3484.550048828125,11625.33984375
2020-08-28,11542.5,3508.010009765625,11695.6298828125
2020-08-29,11506.865234375,,
2020-08-30,11711.505859375,,
2020-08-31,11680.8203125,3500.31005859375,11775.4599609375
2020-09-01,11970.478515625,3526.64990234375,11939.669921875
2020-09-02,11414.0341796875,3580.840087890625,12056.4404296875
2020-09-03,10245.296875,3455.06005859375,11458.099609375
2020-09-04,10511.8134765625,3426.9599609375,11313.1298828125
2020-09-05,10169.5673828125,,
2020-09-06,10280.3515625,,
2020-09-07,10369.5634765625,,
2020-09-08,10131.5166015625,3331.840087890625,10847.6904296875
2020-09-09,10242.34765625,3398.9599609375,11141.5595703125
2020-09-10,10363.138671875,3339.18994140625,10919.58984375
2020-09-11,10400.9150390625,3340.969970703125,10853.5498046875
2020-09-12,10442.1708984375,,
2020-09-13,10323.755859375,,
2020-09-14,10680.837890625,3383.5400390625,11056.650390625
2020-09-15,10796.951171875,3401.199951171875,11190.3203125
2020-09-16,10974.9052734375,3385.489990234375,11050.4697265625
2020-09-17,10948.990234375,3357.010009765625,10910.2802734375
2020-09-18,10944.5859375,3319.469970703125,10793.2802734375
2020-09-19,11094.3466796875,,
2020-09-20,10938.271484375,,
2020-09-21,10462.259765625,3281.06005859375,10778.7998046875
2020-09-22,10538.4599609375,3315.570068359375,10963.6396484375
2020-09-23,10246.1865234375,3236.919921875,10632.990234375
2020-09-24,10760.06640625,3246.590087890625,10672.26953125
2020-09-25,10692.716796875,3298.4599609375,10913.5595703125
2020-09-26,10750.7236328125,,
2020-09-27,10775.26953125,,
2020-09-28,10709.65234375,3351.60009765625,11117.5302734375
2020-09-29,10844.640625,3335.469970703125,11085.25
2020-09-30,10784.4912109375,3363.0,11167.509765625
2020-10-01,10619.4521484375,3380.800048828125,11326.509765625
2020-10-02,10575.974609375,3348.419921875,11075.01953125
2020-10-03,10549.3291015625,,
2020-10-04,10669.5830078125,,
2020-10-05,10793.33984375,3408.60009765625,11332.490234375
2020-10-06,10604.40625,3360.969970703125,11154.599609375
2020-10-07,10668.96875,3419.43994140625,11364.599609375
2020-10-08,10915.685546875,3446.830078125,11420.98046875
2020-10-09,11064.4580078125,3477.139892578125,11579.9404296875
2020-10-10,11296.361328125,,
2020-10-11,11384.181640625,,
2020-10-12,11555.36328125,3534.219970703125,11876.259765625
2020-10-13,11425.8994140625,3511.929931640625,11863.900390625
2020-10-14,11429.5068359375,3488.669921875,11768.73046875
2020-10-15,11495.349609375,3483.340087890625,11713.8701171875
2020-10-16,11322.123046875,3483.81005859375,11671.5595703125
2020-10-17,11358.1015625,,
2020-10-18,11483.359375,,
2020-10-19,11742.037109375,3426.919921875,11478.8798828125
2020-10-20,11916.3349609375,3443.1201171875,11516.490234375
2020-10-21,12823.689453125,3435.56005859375,11484.6904296875
2020-10-22,12965.8916015625,3453.489990234375,11506.009765625
2020-10-23,12931.5390625,3465.389892578125,11548.2802734375
2020-10-24,13108.0625,,
2020-10-25,13031.173828125,,
2020-10-26,13075.248046875,3400.969970703125,11358.9404296875
2020-10-27,13654.21875,3390.679931640625,11431.349609375
2020-10-28,13271.28515625,3271.030029296875,11004.8701171875
2020-10-29,13437.8828125,3310.110107421875,11185.58984375
2020-10-30,13546.5224609375,3269.9599609375,10911.58984375
2020-10-31,13780.9951171875,,
2020-11-01,13737.109375,,
2020-11-02,13550.4892578125,3310.239990234375,10957.6103515625
2020-11-03,13950.30078125,3369.159912109375,11160.5703125
2020-11-04,14133.70703125,3443.43994140625,11590.7802734375
2020-11-05,15579.8486328125,3510.449951171875,11890.9296875
2020-11-06,15565.880859375,3509.43994140625,11895.23046875
2020-11-07,14833.75390625,,
2020-11-08,15479.5673828125,,
2020-11-09,15332.3154296875,3550.5,11713.7802734375
2020-11-10,15290.90234375,3545.530029296875,11553.8603515625
2020-11-11,15701.33984375,3572.659912109375,11786.4296875
2020-11-12,16276.34375,3537.010009765625,11709.58984375
2020-11-13,16317.80859375,3585.14990234375,11829.2900390625
2020-11-14,16068.138671875,,
2020-11-15,15955.587890625,,
2020-11-16,16716.111328125,3626.909912109375,11924.1298828125
2020-11-17,17645.40625,3609.530029296875,11899.33984375
2020-11-18,17804.005859375,3567.7900390625,11801.599609375
2020-11-19,17817.08984375,3581.8701171875,11904.7099609375
2020-11-20,18621.314453125,3557.5400390625,11854.9697265625
2020-11-21,18642.232421875,,
2020-11-22,18370.001953125,,
2020-11-23,18364.12109375,3577.590087890625,11880.6298828125
2020-11-24,19107.46484375,3635.409912109375,12036.7900390625
2020-11-25,18732.12109375,3629.64990234375,12094.400390625
2020-11-26,17150.623046875,,
2020-11-27,17108.40234375,3638.35009765625,12205.849609375
2020-11-28,17717.4140625,,
2020-11-29,18177.484375,,
2020-11-30,19625.8359375,3621.6298828125,12198.740234375
2020-12-01,18802.998046875,3662.449951171875,12355.1103515625
2020-12-02,19201.091796875,3669.010009765625,12349.3701171875
2020-12-03,19445.3984375,3666.719970703125,12377.1796875
2020-12-04,18699.765625,3699.1201171875,12464.23046875
2020-12-05,19154.23046875,,
2020-12-06,19345.12109375,,
2020-12-07,19191.630859375,3691.9599609375,12519.9501953125
2020-12-08,18321.14453125,3702.25,12582.76953125
2020-12-09,18553.916015625,3672.820068359375,12338.9501953125
2020-12-10,18264.9921875,3668.10009765625,12405.8095703125
2020-12-11,18058.904296875,3663.4599609375,12377.8701171875
2020-12-12,18803.65625,,
2020-12-13,19142.3828125,,
2020-12-14,19246.64453125,3647.489990234375,12440.0400390625
2020-12-15,19417.076171875,3694.6201171875,12595.0595703125
2020-12-16,21310.59765625,3701.169921875,12658.1904296875
2020-12-17,22805.162109375,3722.47998046875,12764.75
2020-12-18,23137.9609375,3709.409912109375,12755.6396484375
2020-12-19,23869.83203125,,
2020-12-20,23477.294921875,,
2020-12-21,22803.08203125,3694.919921875,12742.51953125
2020-12-22,23783.029296875,3687.260009765625,12807.919921875
2020-12-23,23241.345703125,3690.010009765625,12771.1103515625
2020-12-24,23735.94921875,3703.06005859375,12804.73046875
2020-12-25,24664.791015625,,
2020-12-26,26437.037109375,,
2020-12-27,26272.294921875,,
2020-12-28,27084.80859375,3735.360107421875,12899.419921875
2020-12-29,27362.4375,3727.0400390625,12850.2197265625
2020-12-30,28840.953125,3732.0400390625,12870.0
2020-12-31,29001.720703125,3756.070068359375,12888.2802734375
2021-01-01,29374.15234375,,
2021-01-02,32127.267578125,,
2021-01-03,32782.0234375,,
2021-01-04,31971.9140625,3700.64990234375,12698.4501953125
2021-01-05,33992.4296875,3726.860107421875,12818.9599609375
2021-01-06,36824.36328125,3748.139892578125,12740.7900390625
2021-01-07,39371.04296875,3803.7900390625,13067.48046875
2021-01-08,40797.609375,3824.679931640625,13201.98046875
2021-01-09,40254.546875,,
2021-01-10,38356.44140625,,
2021-01-11,35566.65625,3799.610107421875,13036.4296875
2021-01-12,33922.9609375,3801.18994140625,13072.4296875
2021-01-13,37316.359375,3809.840087890625,13128.9501953125
2021-01-14,39187.328125,3795.5400390625,13112.6396484375
2021-01-15,36825.3671875,3768.25,12998.5
2021-01-16,36178.140625,,
2021-01-17,35791.27734375,,
2021-01-18,36630.07421875,,
2021-01-19,36069.8046875,3798.909912109375,13197.1796875
2021-01-20,35547.75,3851.85009765625,13457.25
2021-01-21,30825.69921875,3853.070068359375,13530.91015625
2021-01-22,33005.76171875,3841.469970703125,13543.0595703125
2021-01-23,32067.642578125,,
2021-01-24,32289.37890625,,
2021-01-25,32366.392578125,3855.360107421875,13635.990234375
2021-01-26,32569.849609375,3849.6201171875,13626.0595703125
2021-01-27,30432.546875,3750.77001953125,13270.599609375
2021-01-28,33466.09765625,3787.3798828125,13337.16015625
2021-01-29,34316.38671875,3714.239990234375,13070.6904296875
2021-01-30,34269.5234375,,
2021-01-31,33114.359375,,
2021-02-01,33537.17578125,3773.860107421875,13403.3896484375
2021-02-02,35510.2890625,3826.31005859375,13612.7802734375
2021-02-03,37472.08984375,3830.169921875,13610.5400390625
2021-02-04,36926.06640625,3871.739990234375,13777.740234375
2021-02-05,38144.30859375,3886.830078125,13856.2998046875
2021-02-06,39266.01171875,,
2021-02-07,38903.44140625,,
2021-02-08,46196.46484375,3915.590087890625,13987.6396484375
2021-02-09,46481.10546875,3911.22998046875,14007.7001953125
2021-02-10,44918.18359375,3909.8798828125,13972.5302734375
2021-02-11,47909.33203125,3916.3798828125,14025.76953125
2021-02-12,47504.8515625,3934.830078125,14095.4697265625
2021-02-13,47105.515625,,
2021-02-14,48717.2890625,,
2021-02-15,47945.05859375,,
2021-02-16,49199.87109375,3932.590087890625,14047.5
2021-02-17,52149.0078125,3931.330078125,13965.490234375
2021-02-18,51679.796875,3913.969970703125,13865.3603515625
2021-02-19,55888.1328125,3906.7099609375,13874.4599609375
2021-02-20,56099.51953125,,
2021-02-21,57539.9453125,,
2021-02-22,54207.3203125,3876.5,13533.0498046875
2021-02-23,48824.42578125,3881.3701171875,13465.2001953125
2021-02-24,49705.33203125,3925.429931640625,13597.9697265625
2021-02-25,47093.8515625,3829.340087890625,13119.4296875
2021-02-26,46339.76171875,3811.14990234375,13192.349609375
2021-02-27,46188.453125,,
2021-02-28,45137.76953125,,
2021-03-01,49631.2421875,3901.820068359375,13588.830078125
2021-03-02,48378.98828125,3870.2900390625,13358.7900390625
2021-03-03,50538.2421875,3819.719970703125,12997.75
2021-03-04,48561.16796875,3768.469970703125,12723.4697265625
2021-03-05,48927.3046875,3841.93994140625,12920.150390625
2021-03-06,48912.3828125,,
2021-03-07,51206.69140625,,
2021-03-08,52246.5234375,3821.35009765625,12609.16015625
2021-03-09,54824.1171875,3875.43994140625,13073.8203125
2021-03-10,56008.55078125,3898.81005859375,13068.830078125
2021-03-11,57805.12109375,3939.340087890625,13398.669921875
2021-03-12,57332.08984375,3943.340087890625,13319.8603515625
2021-03-13,61243.0859375,,
2021-03-14,59302.31640625,,
2021-03-15,55907.19921875,3968.93994140625,13459.7099609375
2021-03-16,56804.90234375,3962.7099609375,13471.5703125
2021-03-17,58870.89453125,3974.1201171875,13525.2001953125
2021-03-18,57858.921875,3915.4599609375,13116.169921875
2021-03-19,58346.65234375,3913.10009765625,13215.240234375
2021-03-20,58313.64453125,,
2021-03-21,57523.421875,,
2021-03-22,54529.14453125,3940.590087890625,13377.5400390625
2021-03-23,54738.9453125,3910.52001953125,13227.7001953125
2021-03-24,52774.265625,3889.139892578125,12961.8896484375
2021-03-25,51704.16015625,3909.52001953125,12977.6796875
2021-03-26,55137.3125,3974.5400390625,13138.73046875
2021-03-27,55973.51171875,,
2021-03-28,55950.74609375,,
2021-03-29,57750.19921875,3971.090087890625,13059.650390625
2021-03-30,58917.69140625,3958.550048828125,13045.3896484375
2021-03-31,58918.83203125,3972.889892578125,13246.8701171875
2021-04-01,59095.80859375,4019.8701171875,13480.1103515625
2021-04-02,59384.3125,,
2021-04-03,57603.890625,,
2021-04-04,58758.5546875,,
2021-04-05,59057.87890625,4077.909912109375,13705.58984375
2021-04-06,58192.359375,4073.93994140625,13698.3798828125
2021-04-07,56048.9375,4079.949951171875,13688.83984375
2021-04-08,58323.953125,4097.169921875,13829.3095703125
2021-04-09,58245.00390625,4128.7998046875,13900.1904296875
2021-04-10,59793.234375,,
2021-04-11,60204.96484375,,
2021-04-12,59893.453125,4127.990234375,13850.0
2021-04-13,63503.45703125,4141.58984375,13996.099609375
2021-04-14,63109.6953125,4124.66015625,13857.83984375
2021-04-15,63314.01171875,4170.419921875,14038.759765625
2021-04-16,61572.7890625,4185.47021484375,14052.33984375
2021-04-17,60683.8203125,,
2021-04-18,56216.18359375,,
2021-04-19,55724.265625,4163.259765625,13914.76953125
2021-04-20,56473.03125,4134.93994140625,13786.26953125
2021-04-21,53906.08984375,4173.419921875,13950.2197265625
2021-04-22,51762.2734375,4134.97998046875,13818.41015625
2021-04-23,51093.65234375,4180.169921875,14016.8095703125
2021-04-24,50050.8671875,,
2021-04-25,49004.25390625,,
2021-04-26,54021.75390625,4187.6201171875,14138.7802734375
2021-04-27,55033.1171875,4186.72021484375,14090.2197265625
2021-04-28,54824.703125,4183.18017578125,14051.0302734375
2021-04-29,53555.109375,4211.47021484375,14082.5498046875
2021-04-30,57750.17578125,4181.169921875,13962.6796875
2021-05-01,57828.05078125,,
2021-05-02,56631.078125,,
2021-05-03,57200.29296875,4192.66015625,13895.1201171875
2021-05-04,53333.5390625,4164.66015625,13633.5
2021-05-05,57424.0078125,4167.58984375,13582.419921875
2021-05-06,56396.515625,4201.6201171875,13632.83984375
2021-05-07,57356.40234375,4232.60009765625,13752.240234375
2021-05-08,58803.77734375,,
2021-05-09,58232.31640625,,
2021-05-10,55859.796875,4188.43017578125,13401.8603515625
2021-05-11,56704.57421875,4152.10009765625,13389.4296875
2021-05-12,49150.53515625,4063.0400390625,13031.6796875
2021-05-13,49716.19140625,4112.5,13124.990234375
2021-05-14,49880.53515625,4173.85009765625,13429.98046875
2021-05-15,46760.1875,,
2021-05-16,46456.05859375,,
2021-05-17,43537.51171875,4163.2900390625,13379.0498046875
2021-05-18,42909.40234375,4127.830078125,13303.6396484375
2021-05-19,37002.44140625,4115.68017578125,13299.740234375
2021-05-20,40782.73828125,4159.1201171875,13535.740234375
2021-05-21,37304.69140625,4155.85986328125,13470.990234375
2021-05-22,37536.6328125,,
2021-05-23,34770.58203125,,
2021-05-24,38705.98046875,4197.0498046875,13661.169921875
2021-05-25,38402.22265625,4188.1298828125,13657.169921875
2021-05-26,39294.19921875,4195.990234375,13738.0
2021-05-27,38436.96875,4200.8798828125,13736.2802734375
2021-05-28,35697.60546875,4204.10986328125,13748.740234375
2021-05-29,34616.06640625,,
2021-05-30,35678.12890625,,
2021-05-31,37332.85546875,,
2021-06-01,36684.92578125,4202.0400390625,13736.48046875
2021-06-02,37575.1796875,4208.1201171875,13756.330078125
2021-06-03,39208.765625,4192.85009765625,13614.509765625
2021-06-04,36894.40625,4229.89013671875,13814.490234375
2021-06-05,35551.95703125,,
2021-06-06,35862.37890625,,
2021-06-07,33560.70703125,4226.52001953125,13881.7197265625
2021-06-08,33472.6328125,4227.259765625,13924.91015625
2021-06-09,37345.12109375,4219.5498046875,13911.75
2021-06-10,36702.59765625,4239.18017578125,14020.330078125
2021-06-11,37334.3984375,4247.43994140625,14069.419921875
2021-06-12,35552.515625,,
2021-06-13,39097.859375,,
2021-06-14,40218.4765625,4255.14990234375,14174.1396484375
2021-06-15,40406.26953125,4246.58984375,14072.8603515625
2021-06-16,38347.0625,4223.7001953125,14039.6796875
2021-06-17,38053.50390625,4221.85986328125,14161.349609375
2021-06-18,35787.24609375,4166.4501953125,14030.3798828125
2021-06-19,35615.87109375,,
2021-06-20,35698.296875,,
2021-06-21,31676.693359375,4224.7900390625,14141.48046875
2021-06-22,32505.66015625,4246.43994140625,14253.26953125
2021-06-23,33723.02734375,4241.83984375,14271.73046875
2021-06-24,34662.4375,4266.490234375,14369.7099609375
2021-06-25,31637.779296875,4280.7001953125,14360.3896484375
2021-06-26,32186.27734375,,
2021-06-27,34649.64453125,,
2021-06-28,34434.3359375,4290.60986328125,14500.509765625
2021-06-29,35867.77734375,4291.7998046875,14528.330078125
2021-06-30,35040.8359375,4297.5,14503.9501953125
2021-07-01,33572.1171875,4319.93994140625,14522.3798828125
2021-07-02,33897.046875,4352.33984375,14639.330078125
2021-07-03,34668.546875,,
2021-07-04,35287.78125,,
2021-07-05,33746.00390625,,
2021-07-06,34235.1953125,4343.5400390625,14663.6396484375
2021-07-07,33855.328125,4358.1298828125,14665.0595703125
2021-07-08,32877.37109375,4320.81982421875,14559.7802734375
2021-07-09,33798.01171875,4369.5498046875,14701.919921875
2021-07-10,33520.51953125,,
2021-07-11,34240.1875,,
2021-07-12,33155.84765625,4384.6298828125,14733.240234375
2021-07-13,32702.025390625,4369.2099609375,14677.650390625
2021-07-14,32822.34765625,4374.2998046875,14644.9501953125
2021-07-15,31780.73046875,4360.02978515625,14543.1298828125
2021-07-16,31421.5390625,4327.16015625,14427.240234375
2021-07-17,31533.068359375,,
2021-07-18,31796.810546875,,
2021-07-19,30817.83203125,4258.490234375,14274.98046875
2021-07-20,29807.34765625,4323.06005859375,14498.8798828125
2021-07-21,32110.693359375,4358.68994140625,14631.9501953125
2021-07-22,32313.10546875,4367.47998046875,14684.599609375
2021-07-23,33581.55078125,4411.7900390625,14836.990234375
2021-07-24,34292.4453125,,
2021-07-25,35350.1875,,
2021-07-26,37337.53515625,4422.2998046875,14840.7099609375
2021-07-27,39406.94140625,4401.4599609375,14660.580078125
2021-07-28,39995.90625,4400.64013671875,14762.580078125
2021-07-29,40008.421875,4419.14990234375,14778.259765625
2021-07-30,42235.546875,4395.259765625,14672.6796875
2021-07-31,41626.1953125,,
2021-08-01,39974.89453125,,
2021-08-02,39201.9453125,4387.16015625,14681.0703125
2021-08-03,38152.98046875,4423.14990234375,14761.2900390625
2021-08-04,39747.50390625,4402.66015625,14780.5302734375
2021-08-05,40869.5546875,4429.10009765625,14895.1201171875
2021-08-06,42816.5,4436.52001953125,14835.759765625
2021-08-07,44555.80078125,,
2021-08-08,43798.1171875,,
2021-08-09,46365.40234375,4432.35009765625,14860.1796875
2021-08-10,45585.03125,4436.75,14788.08984375
2021-08-11,45593.63671875,4442.41015625,14765.1396484375
2021-08-12,44428.2890625,4460.830078125,14816.259765625
2021-08-13,47793.3203125,4468.0,14822.900390625
2021-08-14,47096.9453125,,
2021-08-15,47047.00390625,,
2021-08-16,46004.484375,4479.7099609375,14793.759765625
2021-08-17,44695.359375,4448.080078125,14656.1796875
2021-08-18,44801.1875,4400.27001953125,14525.91015625
2021-08-19,46717.578125,4405.7998046875,14541.7900390625
2021-08-20,49339.17578125,4441.669921875,14714.66015625
2021-08-21,48905.4921875,,
2021-08-22,49321.65234375,,
2021-08-23,49546.1484375,4479.52978515625,14942.650390625
2021-08-24,47706.1171875,4486.22998046875,15019.7998046875
2021-08-25,48960.7890625,4496.18994140625,15041.8603515625
2021-08-26,46942.21875,4470.0,14945.8095703125
2021-08-27,49058.66796875,4509.3701171875,15129.5
2021-08-28,48902.40234375,,
2021-08-29,48829.83203125,,
2021-08-30,47054.984375,4528.7900390625,15265.8896484375
2021-08-31,47166.6875,4522.68017578125,15259.240234375
2021-09-01,48847.02734375,4524.08984375,15309.3798828125
2021-09-02,49327.72265625,4536.9501953125,15331.1796875
2021-09-03,50025.375,4535.43017578125,15363.51953125
2021-09-04,49944.625,,
2021-09-05,51753.41015625,,
2021-09-06,52633.53515625,,
2021-09-07,46811.12890625,4520.02978515625,15374.330078125
2021-09-08,46091.390625,4514.06982421875,15286.6396484375
2021-09-09,46391.421875,4493.27978515625,15248.25
2021-09-10,44883.91015625,4458.580078125,15115.490234375
2021-09-11,45201.45703125,,
2021-09-12,46063.26953125,,
2021-09-13,44963.07421875,4468.72998046875,15105.580078125
2021-09-14,47092.4921875,4443.0498046875,15037.759765625
2021-09-15,48176.34765625,4480.7001953125,15161.5302734375
2021-09-16,47783.359375,4473.75,15181.919921875
2021-09-17,47267.51953125,4432.990234375,15043.9697265625
2021-09-18,48278.36328125,,
2021-09-19,47260.21875,,
2021-09-20,42843.80078125,4357.72998046875,14713.900390625
2021-09-21,40693.67578125,4354.18994140625,14746.400390625
2021-09-22,43574.5078125,4395.64013671875,14896.849609375
2021-09-23,44895.09765625,4448.97998046875,15052.240234375
2021-09-24,42839.75,4455.47998046875,15047.7001953125
2021-09-25,42716.59375,,
2021-09-26,43208.5390625,,
2021-09-27,42235.73046875,4443.10986328125,14969.9697265625
2021-09-28,41034.54296875,4352.6298828125,14546.6796875
2021-09-29,41564.36328125,4359.4599609375,14512.4404296875
2021-09-30,43790.89453125,4307.5400390625,14448.580078125
2021-10-01,48116.94140625,4357.0400390625,14566.7001953125
2021-10-02,47711.48828125,,
2021-10-03,48199.953125,,
2021-10-04,49112.90234375,4300.4599609375,14255.48046875
2021-10-05,51514.8125,4345.72021484375,14433.830078125
2021-10-06,55361.44921875,4363.5498046875,14501.91015625
2021-10-07,53805.984375,4399.759765625,14654.01953125
2021-10-08,53967.84765625,4391.33984375,14579.5400390625
2021-10-09,54968.22265625,,
2021-10-10,54771.578125,,
2021-10-11,57484.7890625,4361.18994140625,14486.2001953125
2021-10-12,56041.05859375,4350.64990234375,14465.919921875
2021-10-13,57401.09765625,4363.7998046875,14571.6396484375
2021-10-14,57321.5234375,4438.259765625,14823.4296875
2021-10-15,61593.94921875,4471.3701171875,14897.33984375
2021-10-16,60892.1796875,,
2021-10-17,61553.6171875,,
2021-10-18,62026.078125,4486.4599609375,15021.8095703125
2021-10-19,64261.9921875,4519.6298828125,15129.08984375
2021-10-20,65992.8359375,4536.18994140625,15121.6796875
2021-10-21,62210.171875,4549.77978515625,15215.7001953125
2021-10-22,60692.265625,4544.89990234375,15090.2001953125
2021-10-23,61393.6171875,,
2021-10-24,60930.8359375,,
2021-10-25,63039.82421875,4566.47998046875,15226.7099609375
2021-10-26,60363.79296875,4574.7900390625,15235.7099609375
2021-10-27,58482.38671875,4551.68017578125,15235.83984375
2021-10-28,60622.13671875,4596.419921875,15448.1201171875
2021-10-29,62227.96484375,4605.3798828125,15498.3896484375
2021-10-30,61888.83203125,,
2021-10-31,61318.95703125,,
2021-11-01,61004.40625,4613.669921875,15595.919921875
2021-11-02,63226.40234375,4630.64990234375,15649.599609375
2021-11-03,62970.046875,4660.56982421875,15811.580078125
2021-11-04,61452.23046875,4680.06005859375,15940.3095703125
2021-11-05,61125.67578125,4697.52978515625,15971.58984375
2021-11-06,61527.48046875,,
2021-11-07,63326.98828125,,
2021-11-08,67566.828125,4701.7001953125,15982.3603515625
2021-11-09,66971.828125,4685.25,15886.5400390625
2021-11-10,64995.23046875,4646.7099609375,15622.7099609375
2021-11-11,64949.9609375,4649.27001953125,15704.2802734375
2021-11-12,64155.94140625,4682.85009765625,15860.9599609375
2021-11-13,64469.52734375,,
2021-11-14,65466.83984375,,
2021-11-15,63557.87109375,4682.7998046875,15853.849609375
2021-11-16,60161.24609375,4700.89990234375,15973.8603515625
2021-11-17,60368.01171875,4688.669921875,15921.5703125
2021-11-18,56942.13671875,4704.5400390625,15993.7099609375
2021-11-19,58119.578125,4697.9599609375,16057.4404296875
2021-11-20,59697.1953125,,
2021-11-21,58730.4765625,,
2021-11-22,56289.2890625,4682.93994140625,15854.759765625
2021-11-23,57569.07421875,4690.7001953125,15775.1396484375
2021-11-24,56280.42578125,4701.4599609375,15845.23046875
2021-11-25,57274.6796875,,
2021-11-26,53569.765625,4594.6201171875,15491.66015625
2021-11-27,54815.078125,,
2021-11-28,57248.45703125,,
2021-11-29,57806.56640625,4655.27001953125,15782.830078125
2021-11-30,57005.42578125,4567.0,15537.6904296875
2021-12-01,57229.828125,4513.0400390625,15254.0498046875
2021-12-02,56477.81640625,4577.10009765625,15381.3203125
2021-12-03,53598.24609375,4538.43017578125,15085.4697265625
2021-12-04,49200.703125,,
2021-12-05,49368.84765625,,
2021-12-06,50582.625,4591.669921875,15225.150390625
2021-12-07,50700.0859375,4686.75,15686.919921875
2021-12-08,50504.796875,4701.2099609375,15786.990234375
2021-12-09,47672.12109375,4667.4501953125,15517.3701171875
2021-12-10,47243.3046875,4712.02001953125,15630.599609375
2021-12-11,49362.5078125,,
2021-12-12,50098.3359375,,
2021-12-13,46737.48046875,4668.97021484375,15413.2802734375
2021-12-14,46612.6328125,4634.08984375,15237.6396484375
2021-12-15,48896.72265625,4709.85009765625,15565.580078125
2021-12-16,47665.42578125,4668.669921875,15180.4296875
2021-12-17,46202.14453125,4620.64013671875,15169.6796875
2021-12-18,46848.77734375,,
2021-12-19,46707.015625,,
2021-12-20,46880.27734375,4568.02001953125,14980.9404296875
2021-12-21,48936.61328125,4649.22998046875,15341.08984375
2021-12-22,48628.51171875,4696.56005859375,15521.8896484375
2021-12-23,50784.5390625,4725.7900390625,15653.3701171875
2021-12-24,50822.1953125,,
2021-12-25,50429.859375,,
2021-12-26,50809.515625,,
2021-12-27,50640.41796875,4791.18994140625,15871.259765625
2021-12-28,47588.85546875,4786.35009765625,15781.7197265625
2021-12-29,46444.7109375,4793.06005859375,15766.2197265625
2021-12-30,47178.125,4778.72998046875,15741.5595703125
2021-12-31,46306.4453125,4766.18017578125,15644.9697265625
2022-01-01,47686.8125,,
2022-01-02,47345.21875,,
2022-01-03,46458.1171875,4796.56005859375,15832.7998046875
2022-01-04,45897.57421875,4793.5400390625,15622.7197265625
2022-01-05,43569.00390625,4700.580078125,15100.169921875
2022-01-06,43160.9296875,4696.0498046875,15080.8603515625
2022-01-07,41557.90234375,4677.02978515625,14935.900390625
2022-01-08,41733.94140625,,
2022-01-09,41911.6015625,,
2022-01-10,41821.26171875,4670.2900390625,14942.830078125
2022-01-11,42735.85546875,4713.06982421875,15153.4501953125
2022-01-12,43949.1015625,4726.35009765625,15188.3896484375
2022-01-13,42591.5703125,4659.02978515625,14806.8095703125
2022-01-14,43099.69921875,4662.85009765625,14893.75
2022-01-15,43177.3984375,,
2022-01-16,43113.87890625,,
2022-01-17,42250.55078125,,
2022-01-18,42375.6328125,4577.10986328125,14506.900390625
2022-01-19,41744.328125,4532.759765625,14340.259765625
2022-01-20,40680.41796875,4482.72998046875,14154.01953125
2022-01-21,36457.31640625,4397.93994140625,13768.919921875
2022-01-22,35030.25,,
2022-01-23,36276.8046875,,
2022-01-24,36654.328125,4410.1298828125,13855.1298828125
2022-01-25,36954.00390625,4356.4501953125,13539.2900390625
2022-01-26,36852.12109375,4349.93017578125,13542.1201171875
2022-01-27,37138.234375,4326.509765625,13352.7802734375
2022-01-28,37784.33203125,4431.85009765625,13770.5703125
2022-01-29,38138.1796875,,
2022-01-30,37917.6015625,,
2022-01-31,38483.125,4515.5498046875,14239.8798828125
2022-02-01,38743.2734375,4546.5400390625,14346.0
2022-02-02,36952.984375,4589.3798828125,14417.5498046875
2022-02-03,37154.6015625,4477.43994140625,13878.8203125
2022-02-04,41500.875,4500.52978515625,14098.009765625
2022-02-05,41441.1640625,,
2022-02-06,42412.43359375,,
2022-02-07,43840.28515625,4483.8701171875,14015.669921875
2022-02-08,44118.4453125,4521.5400390625,14194.4501953125
2022-02-09,44338.796875,4587.18017578125,14490.3701171875
2022-02-10,43565.11328125,4504.080078125,14185.6396484375
2022-02-11,42407.9375,4418.64013671875,13791.150390625
2022-02-12,42244.46875,,
2022-02-13,42197.515625,,
2022-02-14,42586.91796875,4401.669921875,13790.919921875
2022-02-15,44575.203125,4471.06982421875,14139.759765625
2022-02-16,43961.859375,4475.009765625,14124.08984375
2022-02-17,40538.01171875,4380.259765625,13716.7197265625
2022-02-18,40030.9765625,4348.8701171875,13548.0703125
2022-02-19,40122.15625,,
2022-02-20,38431.37890625,,
2022-02-21,37075.28125,,
2022-02-22,38286.02734375,4304.759765625,13381.51953125
2022-02-23,37296.5703125,4225.5,13037.490234375
2022-02-24,38332.609375,4288.7001953125,13473.58984375
2022-02-25,39214.21875,4384.64990234375,13694.6201171875
2022-02-26,39105.1484375,,
2022-02-27,37709.78515625,,
2022-02-28,43193.234375,4373.93994140625,13751.400390625
2022-03-01,44354.63671875,4306.259765625,13532.4599609375
2022-03-02,43924.1171875,4386.5400390625,13752.01953125
2022-03-03,42451.7890625,4363.490234375,13537.9404296875
2022-03-04,39137.60546875,4328.8701171875,13313.4404296875
2022-03-05,39400.5859375,,
2022-03-06,38419.984375,,
2022-03-07,38062.0390625,4201.08984375,12830.9599609375
2022-03-08,38737.26953125,4170.7001953125,12795.5498046875
2022-03-09,41982.92578125,4277.8798828125,13255.5498046875
2022-03-10,39437.4609375,4259.52001953125,13129.9599609375
2022-03-11,38794.97265625,4204.31005859375,12843.8095703125
2022-03-12,38904.01171875,,
2022-03-13,37849.6640625,,
2022-03-14,39666.75390625,4173.10986328125,12581.2197265625
2022-03-15,39338.78515625,4262.4501953125,12948.6201171875
2022-03-16,41143.9296875,4357.85986328125,13436.5498046875
2022-03-17,40951.37890625,4411.669921875,13614.7802734375
2022-03-18,41801.15625,4463.1201171875,13893.83984375
2022-03-19,42190.65234375,,
2022-03-20,41247.82421875,,
2022-03-21,41077.99609375,4461.18017578125,13838.4599609375
2022-03-22,42358.80859375,4511.60986328125,14108.8203125
2022-03-23,42892.95703125,4456.240234375,13922.599609375
2022-03-24,43960.93359375,4520.16015625,14191.83984375
2022-03-25,44348.73046875,4543.06005859375,14169.2998046875
2022-03-26,44500.828125,,
2022-03-27,46820.4921875,,
2022-03-28,47128.00390625,4575.52001953125,14354.900390625
2022-03-29,47465.73046875,4631.60009765625,14619.6396484375
2022-03-30,47062.6640625,4602.4501953125,14442.26953125
2022-03-31,45538.67578125,4530.41015625,14220.51953125
2022-04-01,46281.64453125,4545.85986328125,14261.5
2022-04-02,45868.94921875,,
2022-04-03,46453.56640625,,
2022-04-04,46622.67578125,4582.64013671875,14532.5498046875
2022-04-05,45555.9921875,4525.1201171875,14204.169921875
2022-04-06,43206.73828125,4481.14990234375,13888.8203125
2022-04-07,43503.84765625,4500.2099609375,13897.2998046875
2022-04-08,42287.6640625,4488.27978515625,13711.0
2022-04-09,42782.13671875,,
2022-04-10,42207.671875,,
2022-04-11,39521.90234375,4412.52978515625,13411.9599609375
2022-04-12,40127.18359375,4397.4501953125,13371.5703125
2022-04-13,41166.73046875,4446.58984375,13643.58984375
2022-04-14,39935.515625,4392.58984375,13351.080078125
2022-04-15,40553.46484375,,
2022-04-16,40424.484375,,
2022-04-17,39716.953125,,
2022-04-18,40826.21484375,4391.68994140625,13332.3603515625
2022-04-19,41502.75,4462.2099609375,13619.66015625
2022-04-20,41374.37890625,4459.4501953125,13453.0703125
2022-04-21,40527.36328125,4393.66015625,13174.650390625
2022-04-22,39740.3203125,4271.77978515625,12839.2900390625
2022-04-23,39486.73046875,,
2022-04-24,39469.29296875,,
2022-04-25,40458.30859375,4296.1201171875,13004.849609375
2022-04-26,38117.4609375,4175.2001953125,12490.740234375
2022-04-27,39241.12109375,4183.9599609375,12488.9296875
2022-04-28,39773.828125,4287.5,12871.5302734375
2022-04-29,38609.82421875,4131.93017578125,12334.6396484375
2022-04-30,37714.875,,
2022-05-01,38469.09375,,
2022-05-02,38529.328125,4155.3798828125,12536.01953125
2022-05-03,37750.453125,4175.47998046875,12563.759765625
2022-05-04,39698.37109375,4300.169921875,12964.8603515625
2022-05-05,36575.140625,4146.8701171875,12317.6904296875
2022-05-06,36040.921875,4123.33984375,12144.66015625
2022-05-07,35501.953125,,
2022-05-08,34059.265625,,
2022-05-09,30296.953125,3991.239990234375,11623.25
2022-05-10,31022.90625,4001.050048828125,11737.669921875
2022-05-11,28936.35546875,3935.179931640625,11364.240234375
2022-05-12,29047.751953125,3930.080078125,11370.9599609375
2022-05-13,29283.103515625,4023.889892578125,11805.0
2022-05-14,30101.265625,,
2022-05-15,31305.11328125,,
2022-05-16,29862.91796875,4008.010009765625,11662.7900390625
2022-05-17,30425.857421875,4088.85009765625,11984.51953125
2022-05-18,28720.271484375,3923.679931640625,11418.150390625
2022-05-19,30314.333984375,3900.7900390625,11388.5
2022-05-20,29200.740234375,3901.360107421875,11354.6201171875
2022-05-21,29432.2265625,,
2022-05-22,30323.72265625,,
2022-05-23,29098.91015625,3973.75,11535.26953125
2022-05-24,29655.5859375,3941.47998046875,11264.4501953125
2022-05-25,29562.361328125,3978.72998046875,11434.740234375
2022-05-26,29267.224609375,4057.840087890625,11740.650390625
2022-05-27,28627.57421875,4158.240234375,12131.1298828125
2022-05-28,28814.900390625,,
2022-05-29,29445.95703125,,
2022-05-30,31726.390625,,
2022-05-31,31792.310546875,4132.14990234375,12081.3896484375
2022-06-01,29799.080078125,4101.22998046875,11994.4599609375
2022-06-02,30467.48828125,4176.81982421875,12316.900390625
2022-06-03,29704.390625,4108.5400390625,12012.73046875
2022-06-04,29832.9140625,,
2022-06-05,29906.662109375,,
2022-06-06,31370.671875,4121.43017578125,12061.3701171875
2022-06-07,31155.478515625,4160.68017578125,12175.23046875
2022-06-08,30214.35546875,4115.77001953125,12086.26953125
2022-06-09,30111.998046875,4017.820068359375,11754.23046875
2022-06-10,29083.8046875,3900.860107421875,11340.01953125
2022-06-11,28360.810546875,,
2022-06-12,26762.6484375,,
2022-06-13,22487.388671875,3749.6298828125,10809.23046875
2022-06-14,22206.79296875,3735.47998046875,10828.349609375
2022-06-15,22572.83984375,3789.989990234375,11099.150390625
2022-06-16,20381.650390625,3666.77001953125,10646.099609375
2022-06-17,20471.482421875,3674.840087890625,10798.349609375
2022-06-18,19017.642578125,,
2022-06-19,20553.271484375,,
2022-06-20,20599.537109375,,
2022-06-21,20710.59765625,3764.7900390625,11069.2998046875
2022-06-22,19987.029296875,3759.889892578125,11053.080078125
2022-06-23,21085.876953125,3795.72998046875,11232.1904296875
2022-06-24,21231.65625,3911.739990234375,11607.6201171875
2022-06-25,21502.337890625,,
2022-06-26,21027.294921875,,
2022-06-27,20735.478515625,3900.110107421875,11524.5498046875
2022-06-28,20280.634765625,3821.550048828125,11181.5400390625
2022-06-29,20104.0234375,3818.830078125,11177.8896484375
2022-06-30,19784.7265625,3785.3798828125,11028.740234375
2022-07-01,19269.3671875,3825.330078125,11127.849609375
2022-07-02,19242.255859375,,
2022-07-03,19297.076171875,,
2022-07-04,20231.26171875,,
2022-07-05,20190.115234375,3831.389892578125,11322.240234375
2022-07-06,20548.24609375,3845.080078125,11361.849609375
2022-07-07,21637.587890625,3902.6201171875,11621.349609375
2022-07-08,21731.1171875,3899.3798828125,11635.3095703125
2022-07-09,21592.20703125,,
2022-07-10,20860.44921875,,
2022-07-11,19970.556640625,3854.429931640625,11372.599609375
2022-07-12,19323.9140625,3818.800048828125,11264.73046875
2022-07-13,20212.07421875,3801.780029296875,11247.580078125
2022-07-14,20569.919921875,3790.3798828125,11251.1904296875
2022-07-15,20836.328125,3863.159912109375,11452.419921875
2022-07-16,21190.31640625,,
2022-07-17,20779.34375,,
2022-07-18,22485.689453125,3830.85009765625,11360.0498046875
2022-07-19,23389.43359375,3936.68994140625,11713.150390625
2022-07-20,23231.732421875,3959.89990234375,11897.650390625
2022-07-21,23164.62890625,3998.949951171875,12059.6103515625
2022-07-22,22714.978515625,3961.6298828125,11834.1103515625
2022-07-23,22465.478515625,,
2022-07-24,22609.1640625,,
2022-07-25,21361.701171875,3966.840087890625,11782.669921875
2022-07-26,21239.75390625,3921.050048828125,11562.5703125
2022-07-27,22930.548828125,4023.610107421875,12032.419921875
2022-07-28,23843.88671875,4072.429931640625,12162.58984375
2022-07-29,23804.6328125,4130.2900390625,12390.6904296875
2022-07-30,23656.20703125,,
2022-07-31,23336.896484375,,
2022-08-01,23314.19921875,4118.6298828125,12368.98046875
2022-08-02,22978.1171875,4091.18994140625,12348.759765625
2022-08-03,22846.5078125,4155.169921875,12668.16015625
2022-08-04,22630.95703125,4151.93994140625,12720.580078125
2022-08-05,23289.314453125,4145.18994140625,12657.5498046875
2022-08-06,22961.279296875,,
2022-08-07,23175.890625,,
2022-08-08,23809.486328125,4140.06005859375,12644.4599609375
2022-08-09,23164.318359375,4122.47021484375,12493.9296875
2022-08-10,23947.642578125,4210.240234375,12854.7998046875
2022-08-11,23957.529296875,4207.27001953125,12779.91015625
2022-08-12,24402.818359375,4280.14990234375,13047.1904296875
2022-08-13,24424.068359375,,
2022-08-14,24319.333984375,,
2022-08-15,24136.97265625,4297.14013671875,13128.0498046875
2022-08-16,23883.291015625,4305.2001953125,13102.5498046875
2022-08-17,23335.998046875,4274.0400390625,12938.1201171875
2022-08-18,23212.73828125,4283.740234375,12965.33984375
2022-08-19,20877.552734375,4228.47998046875,12705.2197265625
2022-08-20,21166.060546875,,
2022-08-21,21534.12109375,,
2022-08-22,21398.908203125,4137.990234375,12381.5703125
2022-08-23,21528.087890625,4128.72998046875,12381.2998046875
2022-08-24,21395.01953125,4140.77001953125,12431.5302734375
2022-08-25,21600.904296875,4199.1201171875,12639.26953125
2022-08-26,20260.01953125,4057.659912109375,12141.7099609375
2022-08-27,20041.73828125,,
2022-08-28,19616.814453125,,
2022-08-29,20297.994140625,4030.610107421875,12017.669921875
2022-08-30,19796.80859375,3986.159912109375,11883.1396484375
2022-08-31,20049.763671875,3955.0,11816.2001953125
2022-09-01,20127.140625,3966.85009765625,11785.1298828125
2022-09-02,19969.771484375,3924.260009765625,11630.8603515625
2022-09-03,19832.087890625,,
2022-09-04,19986.712890625,,
2022-09-05,19812.37109375,,
2022-09-06,18837.66796875,3908.18994140625,11544.91015625
2022-09-07,19290.32421875,3979.8701171875,11791.900390625
2022-09-08,19329.833984375,4006.179931640625,11862.1298828125
2022-09-09,21381.15234375,4067.360107421875,12112.3095703125
2022-09-10,21680.5390625,,
2022-09-11,21769.255859375,,
2022-09-12,22370.44921875,4110.41015625,12266.41015625
2022-09-13,20296.70703125,3932.68994140625,11633.5703125
2022-09-14,20241.08984375,3946.010009765625,11719.6796875
2022-09-15,19701.2109375,3901.35009765625,11552.3603515625
2022-09-16,19772.583984375,3873.330078125,11448.400390625
2022-09-17,20127.576171875,,
2022-09-18,19419.505859375,,
2022-09-19,19544.12890625,3899.889892578125,11535.01953125
2022-09-20,18890.7890625,3855.929931640625,11425.0498046875
2022-09-21,18547.400390625,3789.929931640625,11220.1904296875
2022-09-22,19413.55078125,3757.989990234375,11066.8095703125
2022-09-23,19297.638671875,3693.22998046875,10867.9296875
2022-09-24,18937.01171875,,
2022-09-25,18802.09765625,,
2022-09-26,19222.671875,3655.0400390625,10802.919921875
2022-09-27,19110.546875,3647.2900390625,10829.5
2022-09-28,19426.720703125,3719.0400390625,11051.6396484375
2022-09-29,19573.05078125,3640.469970703125,10737.509765625
2022-09-30,19431.7890625,3585.6201171875,10575.6201171875
2022-10-01,19312.095703125,,
2022-10-02,19044.107421875,,
2022-10-03,19623.580078125,3678.429931640625,10815.4296875
2022-10-04,20336.84375,3790.929931640625,11176.41015625
2022-10-05,20160.716796875,3783.280029296875,11148.6396484375
2022-10-06,19955.443359375,3744.52001953125,11073.3095703125
2022-10-07,19546.849609375,3639.659912109375,10652.400390625
2022-10-08,19416.568359375,,
2022-10-09,19446.42578125,,
2022-10-10,19141.484375,3612.389892578125,10542.099609375
2022-10-11,19051.41796875,3588.840087890625,10426.1904296875
2022-10-12,19157.4453125,3577.030029296875,10417.099609375
2022-10-13,19382.904296875,3669.909912109375,10649.150390625
2022-10-14,19185.65625,3583.070068359375,10321.3896484375
2022-10-15,19067.634765625,,
2022-10-16,19268.09375,,
2022-10-17,19550.7578125,3677.949951171875,10675.7998046875
2022-10-18,19334.416015625,3719.97998046875,10772.400390625
2022-10-19,19139.53515625,3695.159912109375,10680.509765625
2022-10-20,19053.740234375,3665.780029296875,10614.83984375
2022-10-21,19172.46875,3752.75,10859.7197265625
2022-10-22,19208.189453125,,
2022-10-23,19567.0078125,,
2022-10-24,19345.572265625,3797.340087890625,10952.6103515625
2022-10-25,20095.857421875,3859.110107421875,11199.1201171875
2022-10-26,20770.44140625,3830.60009765625,10970.990234375
2022-10-27,20285.8359375,3807.300048828125,10792.669921875
2022-10-28,20595.3515625,3901.06005859375,11102.4501953125
2022-10-29,20818.4765625,,
2022-10-30,20635.603515625,,
2022-10-31,20495.7734375,3871.97998046875,10988.150390625
2022-11-01,20485.2734375,3856.10009765625,10890.849609375
2022-11-02,20159.50390625,3759.68994140625,10524.7998046875
2022-11-03,20209.98828125,3719.889892578125,10342.9404296875
2022-11-04,21147.23046875,3770.550048828125,10475.25
2022-11-05,21282.69140625,,
2022-11-06,20926.486328125,,
2022-11-07,20602.81640625,3806.800048828125,10564.51953125
2022-11-08,18541.271484375,3828.110107421875,10616.2001953125
2022-11-09,15880.7802734375,3748.570068359375,10353.169921875
2022-11-10,17586.771484375,3956.3701171875,11114.150390625
2022-11-11,17034.29296875,3992.929931640625,11323.330078125
2022-11-12,16799.185546875,,
2022-11-13,16353.365234375,,
2022-11-14,16618.19921875,3957.25,11196.2197265625
2022-11-15,16884.61328125,3991.72998046875,11358.41015625
2022-11-16,16669.439453125,3958.7900390625,11183.66015625
2022-11-17,16687.517578125,3946.56005859375,11144.9599609375
2022-11-18,16697.77734375,3965.340087890625,11146.0595703125
2022-11-19,16711.546875,,
2022-11-20,16291.83203125,,
2022-11-21,15787.2841796875,3949.93994140625,11024.509765625
2022-11-22,16189.76953125,4003.580078125,11174.41015625
2022-11-23,16610.70703125,4027.260009765625,11285.3203125
2022-11-24,16604.46484375,,
2022-11-25,16521.841796875,4026.1201171875,11226.3603515625
2022-11-26,16464.28125,,
2022-11-27,16444.626953125,,
2022-11-28,16217.322265625,3963.93994140625,11049.5
2022-11-29,16444.982421875,3957.6298828125,10983.7802734375
2022-11-30,17168.56640625,4080.110107421875,11468.0
2022-12-01,16967.1328125,4076.570068359375,11482.4501953125
2022-12-02,17088.66015625,4071.699951171875,11461.5
2022-12-03,16908.236328125,,
2022-12-04,17130.486328125,,
2022-12-05,16974.826171875,3998.840087890625,11239.9404296875
2022-12-06,17089.50390625,3941.260009765625,11014.8896484375
2022-12-07,16848.126953125,3933.919921875,10958.5498046875
2022-12-08,17233.474609375,3963.510009765625,11082.0
2022-12-09,17133.15234375,3934.3798828125,11004.6201171875
2022-12-10,17128.724609375,,
2022-12-11,17104.193359375,,
2022-12-12,17206.4375,3990.56005859375,11143.740234375
2022-12-13,17781.318359375,4019.64990234375,11256.8095703125
2022-12-14,17815.650390625,3995.320068359375,11170.8896484375
2022-12-15,17364.865234375,3895.75,10810.5302734375
2022-12-16,16647.484375,3852.360107421875,10705.41015625
2022-12-17,16795.091796875,,
2022-12-18,16757.9765625,,
2022-12-19,16439.6796875,3817.659912109375,10546.0302734375
2022-12-20,16906.3046875,3821.6201171875,10547.1103515625
2022-12-21,16817.53515625,3878.43994140625,10709.3701171875
2022-12-22,16830.341796875,3822.389892578125,10476.1201171875
2022-12-23,16796.953125,3844.820068359375,10497.8603515625
2022-12-24,16847.755859375,,
2022-12-25,16841.986328125,,
2022-12-26,16919.8046875,,
2022-12-27,16717.173828125,3829.25,10353.23046875
2022-12-28,16552.572265625,3783.219970703125,10213.2900390625
2022-12-29,16642.341796875,3849.280029296875,10478.08984375
2022-12-30,16602.5859375,3839.5,10466.48046875
2022-12-31,16547.49609375,,
2023-01-01,16625.080078125,,
2023-01-02,16688.470703125,,
2023-01-03,16679.857421875,3824.139892578125,10386.98046875
2023-01-04,16863.23828125,3852.969970703125,10458.759765625
2023-01-05,16836.736328125,3808.10009765625,10305.240234375
2023-01-06,16951.96875,3895.080078125,10569.2900390625
2023-01-07,16955.078125,,
2023-01-08,17091.14453125,,
2023-01-09,17196.5546875,3892.090087890625,10635.650390625
2023-01-10,17446.29296875,3919.25,10742.6298828125
2023-01-11,17934.896484375,3969.610107421875,10931.669921875
2023-01-12,18869.587890625,3983.169921875,11001.099609375
2023-01-13,19909.57421875,3999.090087890625,11079.16015625
2023-01-14,20976.298828125,,
2023-01-15,20880.798828125,,
2023-01-16,21169.6328125,,
2023-01-17,21161.51953125,3990.969970703125,11095.1103515625
2023-01-18,20688.78125,3928.860107421875,10957.009765625
2023-01-19,21086.79296875,3898.85009765625,10852.26953125
2023-01-20,22676.552734375,3972.610107421875,11140.4296875
2023-01-21,22777.625,,
2023-01-22,22720.416015625,,
2023-01-23,22934.431640625,4019.81005859375,11364.41015625
2023-01-24,22636.46875,4016.949951171875,11334.26953125
2023-01-25,23117.859375,4016.219970703125,11313.3603515625
2023-01-26,23032.77734375,4060.429931640625,11512.41015625
2023-01-27,23078.728515625,4070.56005859375,11621.7099609375
2023-01-28,23031.08984375,,
2023-01-29,23774.56640625,,
2023-01-30,22840.138671875,4017.77001953125,11393.8095703125
2023-01-31,23139.283203125,4076.60009765625,11584.5498046875
2023-02-01,23723.76953125,4119.2099609375,11816.3203125
2023-02-02,23471.87109375,4179.759765625,12200.8203125
2023-02-03,23449.322265625,4136.47998046875,12006.9501953125
2023-02-04,23331.84765625,,
2023-02-05,22955.666015625,,
2023-02-06,22760.109375,4111.080078125,11887.4501953125
2023-02-07,23264.291015625,4164.0,12113.7900390625
2023-02-08,22939.3984375,4117.85986328125,11910.51953125
2023-02-09,21819.0390625,4081.5,11789.580078125
2023-02-10,21651.18359375,4090.4599609375,11718.1201171875
2023-02-11,21870.875,,
2023-02-12,21788.203125,,
2023-02-13,21808.1015625,4137.2900390625,11891.7900390625
2023-02-14,22220.8046875,4136.1298828125,11960.150390625
2023-02-15,24307.841796875,4147.60009765625,12070.58984375
2023-02-16,23623.474609375,4090.409912109375,11855.830078125
2023-02-17,24565.6015625,4079.090087890625,11787.26953125
2023-02-18,24641.27734375,,
2023-02-19,24327.642578125,,
2023-02-20,24829.1484375,,
2023-02-21,24436.353515625,3997.340087890625,11492.2998046875
2023-02-22,24188.84375,3991.050048828125,11507.0703125
2023-02-23,23947.4921875,4012.320068359375,11590.400390625
2023-02-24,23198.126953125,3970.0400390625,11394.9404296875
2023-02-25,23175.375,,
2023-02-26,23561.212890625,,
2023-02-27,23522.87109375,3982.239990234375,11466.98046875
2023-02-28,23147.353515625,3970.14990234375,11455.5400390625
2023-03-01,23646.55078125,3951.389892578125,11379.48046875
2023-03-02,23475.466796875,3981.35009765625,11462.98046875
2023-03-03,22362.6796875,4045.639892578125,11689.009765625
2023-03-04,22353.349609375,,
2023-03-05,22435.513671875,,
2023-03-06,22429.7578125,4048.419921875,11675.740234375
2023-03-07,22219.76953125,3986.3701171875,11530.330078125
2023-03-08,21718.080078125,3992.010009765625,11576.0
2023-03-09,20363.021484375,3918.320068359375,11338.349609375
2023-03-10,20187.244140625,3861.590087890625,11138.8896484375
2023-03-11,20632.41015625,,
2023-03-12,22163.94921875,,
2023-03-13,24197.533203125,3855.760009765625,11188.83984375
2023-03-14,24746.07421875,3919.2900390625,11428.150390625
2023-03-15,24375.9609375,3891.929931640625,11434.0498046875
2023-03-16,25052.7890625,3960.280029296875,11717.2802734375
2023-03-17,27423.9296875,3916.639892578125,11630.509765625
2023-03-18,26965.87890625,,
2023-03-19,28038.67578125,,
2023-03-20,27767.236328125,3951.570068359375,11675.5400390625
2023-03-21,28175.81640625,4002.8701171875,11860.1103515625
2023-03-22,27307.4375,3936.969970703125,11669.9599609375
2023-03-23,28333.97265625,3948.719970703125,11787.400390625
2023-03-24,27493.28515625,3970.989990234375,11823.9599609375
2023-03-25,27494.70703125,,
2023-03-26,27994.330078125,,
2023-03-27,27139.888671875,3977.530029296875,11768.83984375
2023-03-28,27268.130859375,3971.27001953125,11716.080078125
2023-03-29,28348.44140625,4027.81005859375,11926.240234375
2023-03-30,28033.5625,4050.830078125,12013.4697265625
2023-03-31,28478.484375,4109.31005859375,12221.91015625
2023-04-01,28411.03515625,,
2023-04-02,28199.30859375,,
2023-04-03,27790.220703125,4124.509765625,12189.4501953125
2023-04-04,28168.08984375,4100.60009765625,12126.330078125
2023-04-05,28177.984375,4090.3798828125,11996.8603515625
2023-04-06,28044.140625,4105.02001953125,12087.9599609375
2023-04-07,27925.859375,,
2023-04-08,27947.794921875,,
2023-04-09,28333.05078125,,
2023-04-10,29652.98046875,4109.10986328125,12084.3603515625
2023-04-11,30235.05859375,4108.93994140625,12031.8798828125
2023-04-12,30139.052734375,4091.949951171875,11929.33984375
2023-04-13,30399.06640625,4146.22021484375,12166.26953125
2023-04-14,30485.69921875,4137.64013671875,12123.4697265625
2023-04-15,30318.49609375,,
2023-04-16,30315.35546875,,
2023-04-17,29445.044921875,4151.31982421875,12157.7197265625
2023-04-18,30397.552734375,4154.8701171875,12153.41015625
2023-04-19,28822.6796875,4154.52001953125,12157.23046875
2023-04-20,28245.98828125,4129.7900390625,12059.5595703125
2023-04-21,27276.91015625,4133.52001953125,12072.4599609375
2023-04-22,27817.5,,
2023-04-23,27591.384765625,,
2023-04-24,27525.33984375,4137.0400390625,12037.2001953125
2023-04-25,28307.59765625,4071.6298828125,11799.16015625
2023-04-26,28422.701171875,4055.989990234375,11854.349609375
2023-04-27,29473.787109375,4135.35009765625,12142.240234375
2023-04-28,29340.26171875,4169.47998046875,12226.580078125
2023-04-29,29248.48828125,,
2023-04-30,29268.806640625,,
2023-05-01,28091.568359375,4167.8701171875,12212.599609375
2023-05-02,28680.537109375,4119.580078125,12080.509765625
2023-05-03,29006.30859375,4090.75,12025.330078125
2023-05-04,28847.7109375,4061.219970703125,11966.400390625
2023-05-05,29534.384765625,4136.25,12235.41015625
2023-05-06,28904.623046875,,
2023-05-07,28454.978515625,,
2023-05-08,27694.2734375,4138.1201171875,12256.919921875
2023-05-09,27658.775390625,4119.169921875,12179.5498046875
2023-05-10,27621.755859375,4137.64013671875,12306.4404296875
2023-05-11,27000.7890625,4130.6201171875,12328.509765625
2023-05-12,26804.990234375,4124.080078125,12284.740234375
2023-05-13,26784.078125,,
2023-05-14,26930.638671875,,
2023-05-15,27192.693359375,4136.27978515625,12365.2099609375
2023-05-16,27036.650390625,4109.89990234375,12343.0498046875
2023-05-17,27398.802734375,4158.77001953125,12500.5703125
2023-05-18,26832.208984375,4198.0498046875,12688.83984375
2023-05-19,26890.12890625,4191.97998046875,12657.900390625
2023-05-20,27129.5859375,,
2023-05-21,26753.826171875,,
2023-05-22,26851.27734375,4192.6298828125,12720.7802734375
2023-05-23,27225.7265625,4145.580078125,12560.25
2023-05-24,26334.818359375,4115.240234375,12484.16015625
2023-05-25,26476.20703125,4151.27978515625,12698.08984375
2023-05-26,26719.291015625,4205.4501953125,12975.6904296875
2023-05-27,26868.353515625,,
2023-05-28,28085.646484375,,
2023-05-29,27745.884765625,,
2023-05-30,27702.349609375,4205.52001953125,13017.4296875
2023-05-31,27219.658203125,4179.830078125,12935.2900390625
2023-06-01,26819.97265625,4221.02001953125,13100.98046875
2023-06-02,27249.58984375,4282.3701171875,13240.76953125
2023-06-03,27075.12890625,,
2023-06-04,27119.06640625,,
2023-06-05,25760.09765625,4273.7900390625,13229.4296875
2023-06-06,27238.783203125,4283.85009765625,13276.419921875
2023-06-07,26345.998046875,4267.52001953125,13104.900390625
2023-06-08,26508.216796875,4293.93017578125,13238.51953125
2023-06-09,26480.375,4298.85986328125,13259.1396484375
2023-06-10,25851.240234375,,
2023-06-11,25940.16796875,,
2023-06-12,25902.5,4338.93017578125,13461.919921875
2023-06-13,25918.728515625,4369.009765625,13573.3203125
2023-06-14,25124.67578125,4372.58984375,13626.48046875
2023-06-15,25576.39453125,4425.83984375,13782.8203125
2023-06-16,26327.462890625,4409.58984375,13689.5703125
2023-06-17,26510.67578125,,
2023-06-18,26336.212890625,,
2023-06-19,26851.029296875,,
2023-06-20,28327.48828125,4388.7099609375,13667.2900390625
2023-06-21,30027.296875,4365.68994140625,13502.2001953125
2023-06-22,29912.28125,4381.89013671875,13630.6103515625
2023-06-23,30695.46875,4348.330078125,13492.51953125
2023-06-24,30548.6953125,,
2023-06-25,30480.26171875,,
2023-06-26,30271.130859375,4328.81982421875,13335.7802734375
2023-06-27,30688.1640625,4378.41015625,13555.669921875
2023-06-28,30086.24609375,4376.85986328125,13591.75
2023-06-29,30445.3515625,4396.43994140625,13591.330078125
2023-06-30,30477.251953125,4450.3798828125,13787.919921875
2023-07-01,30590.078125,,
2023-07-02,30620.76953125,,
2023-07-03,31156.439453125,4455.58984375,13816.76953125
2023-07-04,30777.58203125,,
2023-07-05,30514.166015625,4446.81982421875,13791.650390625
2023-07-06,29909.337890625,4411.58984375,13679.0400390625
2023-07-07,30342.265625,4398.9501953125,13660.7197265625
2023-07-08,30292.541015625,,
2023-07-09,30171.234375,,
2023-07-10,30414.470703125,4409.52978515625,13685.48046875
2023-07-11,30620.951171875,4439.259765625,13760.7001953125
2023-07-12,30391.646484375,4472.16015625,13918.9599609375
2023-07-13,31476.048828125,4510.0400390625,14138.5703125
2023-07-14,30334.068359375,4505.419921875,14113.7001953125
2023-07-15,30295.806640625,,
2023-07-16,30249.1328125,,
2023-07-17,30145.888671875,4522.7900390625,14244.9501953125
2023-07-18,29856.5625,4554.97998046875,14353.6396484375
2023-07-19,29913.923828125,4565.72021484375,14358.01953125
2023-07-20,29792.015625,4534.8701171875,14063.3095703125
2023-07-21,29908.744140625,4536.33984375,14032.8095703125
2023-07-22,29771.802734375,,
2023-07-23,30084.5390625,,
2023-07-24,29176.916015625,4554.64013671875,14058.8701171875
2023-07-25,29227.390625,4567.4599609375,14144.5595703125
2023-07-26,29354.97265625,4566.75,14127.2802734375
2023-07-27,29210.689453125,4537.41015625,14050.1103515625
2023-07-28,29319.24609375,4582.22998046875,14316.66015625
2023-07-29,29356.91796875,,
2023-07-30,29275.30859375,,
2023-07-31,29230.111328125,4588.9599609375,14346.01953125
2023-08-01,29675.732421875,4576.72998046875,14283.91015625
2023-08-02,29151.958984375,4513.39013671875,13973.4501953125
2023-08-03,29178.6796875,4501.89013671875,13959.7197265625
2023-08-04,29074.091796875,4478.02978515625,13909.240234375
2023-08-05,29042.126953125,,
2023-08-06,29041.85546875,,
2023-08-07,29180.578125,4518.43994140625,13994.400390625
2023-08-08,29765.4921875,4499.3798828125,13884.3203125
2023-08-09,29561.494140625,4467.7099609375,13722.01953125
2023-08-10,29429.591796875,4468.830078125,13737.990234375
2023-08-11,29397.71484375,4464.0498046875,13644.849609375
2023-08-12,29415.96484375,,
2023-08-13,29282.9140625,,
2023-08-14,29408.443359375,4489.72021484375,13788.330078125
2023-08-15,29170.34765625,4437.85986328125,13631.0498046875
2023-08-16,28701.779296875,4404.330078125,13474.6298828125
2023-08-17,26664.55078125,4370.35986328125,13316.9296875
2023-08-18,26049.556640625,4369.7099609375,13290.7802734375
2023-08-19,26096.205078125,,
2023-08-20,26189.583984375,,
2023-08-21,26124.140625,4399.77001953125,13497.58984375
2023-08-22,26031.65625,4387.5498046875,13505.8701171875
2023-08-23,26431.640625,4436.009765625,13721.0302734375
2023-08-24,26162.373046875,4376.31005859375,13463.9697265625
2023-08-25,26047.66796875,4405.7099609375,13590.650390625
2023-08-26,26008.462890625,,
2023-08-27,26089.693359375,,
2023-08-28,26106.150390625,4433.31005859375,13705.1298828125
2023-08-29,27727.392578125,4497.6298828125,13943.759765625
2023-08-30,27297.265625,4514.8701171875,14019.3095703125
2023-08-31,25931.47265625,4507.66015625,14034.9697265625
2023-09-01,25800.724609375,4515.77001953125,14031.8095703125
2023-09-02,25868.798828125,,
2023-09-03,25969.56640625,,
2023-09-04,25812.416015625,,
2023-09-05,25779.982421875,4496.830078125,14020.9501953125
2023-09-06,25753.236328125,4465.47998046875,13872.4697265625
2023-09-07,26240.1953125,4451.14013671875,13748.830078125
2023-09-08,25905.654296875,4457.490234375,13761.5302734375
2023-09-09,25895.677734375,,
2023-09-10,25832.2265625,,
2023-09-11,25162.654296875,4487.4599609375,13917.8896484375
2023-09-12,25833.34375,4461.89990234375,13773.6103515625
2023-09-13,26228.32421875,4467.43994140625,13813.58984375
2023-09-14,26539.673828125,4505.10009765625,13926.0498046875
2023-09-15,26608.693359375,4450.31982421875,13708.330078125
2023-09-16,26568.28125,,
2023-09-17,26534.1875,,
2023-09-18,26754.28125,4453.52978515625,13710.240234375
2023-09-19,27211.1171875,4443.9501953125,13678.1904296875
2023-09-20,27132.0078125,4402.2001953125,13469.1298828125
2023-09-21,26567.6328125,4330.0,13223.98046875
2023-09-22,26579.568359375,4320.06005859375,13211.8095703125
2023-09-23,26579.390625,,
2023-09-24,26256.826171875,,
2023-09-25,26298.48046875,4337.43994140625,13271.3203125
2023-09-26,26217.25,4273.52978515625,13063.6103515625
2023-09-27,26352.716796875,4274.509765625,13092.849609375
2023-09-28,27021.546875,4299.7001953125,13201.2802734375
2023-09-29,26911.720703125,4288.0498046875,13219.3203125
2023-09-30,26967.916015625,,
2023-10-01,27983.75,,
2023-10-02,27530.78515625,4288.39013671875,13307.76953125
2023-10-03,27429.978515625,4229.4501953125,13059.4697265625
2023-10-04,27799.39453125,4263.75,13236.009765625
2023-10-05,27415.912109375,4258.18994140625,13219.830078125
2023-10-06,27946.59765625,4308.5,13431.33984375
2023-10-07,27968.83984375,,
2023-10-08,27935.08984375,,
2023-10-09,27583.677734375,4335.66015625,13484.240234375
2023-10-10,27391.01953125,4358.240234375,13562.83984375
2023-10-11,26873.3203125,4376.9501953125,13659.6796875
2023-10-12,26756.798828125,4349.60986328125,13574.2197265625
2023-10-13,26862.375,4327.77978515625,13407.23046875
2023-10-14,26861.70703125,,
2023-10-15,27159.65234375,,
2023-10-16,28519.466796875,4373.6298828125,13567.98046875
2023-10-17,28415.748046875,4373.2001953125,13533.75
2023-10-18,28328.341796875,4314.60009765625,13314.2998046875
2023-10-19,28719.806640625,4278.0,13186.1796875
2023-10-20,29682.94921875,4224.16015625,12983.8095703125
2023-10-21,29918.412109375,,
2023-10-22,29993.896484375,,
2023-10-23,33086.234375,4217.0400390625,13018.330078125
2023-10-24,33901.52734375,4247.68017578125,13139.8701171875
2023-10-25,34502.8203125,4186.77001953125,12821.2197265625
2023-10-26,34156.6484375,4137.22998046875,12595.6103515625
2023-10-27,33909.80078125,4117.3701171875,12643.009765625
2023-10-28,34089.57421875,,
2023-10-29,34538.48046875,,
2023-10-30,34502.36328125,4166.81982421875,12789.48046875
2023-10-31,34667.78125,4193.7998046875,12851.240234375
2023-11-01,35437.25390625,4237.85986328125,13061.4697265625
2023-11-02,34938.2421875,4317.77978515625,13294.1904296875
2023-11-03,34732.32421875,4358.33984375,13478.2802734375
2023-11-04,35082.1953125,,
2023-11-05,35049.35546875,,
2023-11-06,35037.37109375,4365.97998046875,13518.7802734375
2023-11-07,35443.5625,4378.3798828125,13639.8603515625
2023-11-08,35655.27734375,4382.77978515625,13650.41015625
2023-11-09,36693.125,4347.35009765625,13521.4501953125
2023-11-10,37313.96875,4415.240234375,13798.1103515625
2023-11-11,37138.05078125,,
2023-11-12,37054.51953125,,
2023-11-13,36502.35546875,4411.5498046875,13767.740234375
2023-11-14,35537.640625,4495.7001953125,14094.3798828125
2023-11-15,37880.58203125,4502.8798828125,14103.83984375
2023-11-16,36154.76953125,4508.240234375,14113.669921875
2023-11-17,36596.68359375,4514.02001953125,14125.48046875
2023-11-18,36585.703125,,
2023-11-19,37386.546875,,
2023-11-20,37476.95703125,4547.3798828125,14284.5302734375
2023-11-21,35813.8125,4538.18994140625,14199.98046875
2023-11-22,37432.33984375,4556.6201171875,14265.8603515625
2023-11-23,37289.62109375,,
2023-11-24,37720.28125,4559.33984375,14250.849609375
2023-11-25,37796.79296875,,
2023-11-26,37479.12109375,,
2023-11-27,37254.16796875,4550.43017578125,14241.01953125
2023-11-28,37831.0859375,4554.89013671875,14281.759765625
2023-11-29,37858.4921875,4550.580078125,14258.490234375
2023-11-30,37712.74609375,4567.7998046875,14226.2197265625
2023-12-01,38688.75,4594.6298828125,14305.0302734375
2023-12-02,39476.33203125,,
2023-12-03,39978.390625,,
2023-12-04,41980.09765625,4569.77978515625,14185.490234375
2023-12-05,44080.6484375,4567.18017578125,14229.91015625
2023-12-06,43746.4453125,4549.33984375,14146.7099609375
2023-12-07,43292.6640625,4585.58984375,14339.990234375
2023-12-08,44166.6015625,4604.3701171875,14403.9697265625
2023-12-09,43725.984375,,
2023-12-10,43779.69921875,,
2023-12-11,41243.83203125,4622.43994140625,14432.490234375
2023-12-12,41450.22265625,4643.7001953125,14533.400390625
2023-12-13,42890.7421875,4707.08984375,14733.9599609375
2023-12-14,43023.97265625,4719.5498046875,14761.5595703125
2023-12-15,41929.7578125,4719.18994140625,14813.919921875
2023-12-16,42240.1171875,,
2023-12-17,41364.6640625,,
2023-12-18,42623.5390625,4740.56005859375,14904.8095703125
2023-12-19,42270.52734375,4768.3701171875,15003.2197265625
2023-12-20,43652.25,4698.35009765625,14777.9404296875
2023-12-21,43869.15234375,4746.75,14963.8701171875
2023-12-22,43997.90234375,4754.6298828125,14992.9697265625
2023-12-23,43739.54296875,,
2023-12-24,43016.1171875,,
2023-12-25,43613.140625,,
2023-12-26,42520.40234375,4774.75,15074.5703125
2023-12-27,43442.85546875,4781.580078125,15099.1796875
2023-12-28,42627.85546875,4783.35009765625,15095.1396484375
2023-12-29,42099.40234375,4769.830078125,15011.349609375
2023-12-30,42156.90234375,,
2023-12-31,42265.1875,,
2024-01-01,44167.33203125,,
2024-01-02,44957.96875,4742.830078125,14765.9404296875
2024-01-03,42848.17578125,4704.81005859375,14592.2099609375
2024-01-04,44179.921875,4688.68017578125,14510.2998046875
2024-01-05,44162.69140625,4697.240234375,14524.0703125
2024-01-06,43989.1953125,,
2024-01-07,43943.09765625,,
2024-01-08,46970.50390625,4763.5400390625,14843.76953125
2024-01-09,46139.73046875,4756.5,14857.7099609375
2024-01-10,46627.77734375,4783.4501953125,14969.650390625
2024-01-11,46368.5859375,4780.240234375,14970.1904296875
2024-01-12,42853.16796875,4783.830078125,14972.759765625
2024-01-13,42842.3828125,,
2024-01-14,41796.26953125,,
2024-01-15,42511.96875,,
2024-01-16,43154.9453125,4765.97998046875,14944.349609375
2024-01-17,42742.65234375,4739.2099609375,14855.6201171875
2024-01-18,41262.05859375,4780.93994140625,15055.650390625
2024-01-19,41618.40625,4839.81005859375,15310.9697265625
2024-01-20,41665.5859375,,
2024-01-21,41545.78515625,,
2024-01-22,39507.3671875,4850.43017578125,15360.2900390625
2024-01-23,39845.55078125,4864.60009765625,15425.9404296875
2024-01-24,40077.07421875,4868.5498046875,15481.919921875
2024-01-25,39933.80859375,4894.16015625,15510.5
2024-01-26,41816.87109375,4890.97021484375,15455.3603515625
2024-01-27,42120.0546875,,
2024-01-28,42035.59375,,
2024-01-29,43288.24609375,4927.93017578125,15628.0400390625
2024-01-30,42952.609375,4924.97021484375,15509.900390625
2024-01-31,42582.60546875,4845.64990234375,15164.009765625
2024-02-01,43075.7734375,4906.18994140625,15361.6396484375
2024-02-02,43185.859375,4958.60986328125,15628.9501953125
2024-02-03,42992.25,,
2024-02-04,42583.58203125,,
2024-02-05,42658.66796875,4942.81005859375,15597.6796875
2024-02-06,43084.671875,4954.22998046875,15609.0
2024-02-07,44318.22265625,4995.06005859375,15756.6396484375
2024-02-08,45301.56640625,4997.91015625,15793.7099609375
2024-02-09,47147.19921875,5026.60986328125,15990.66015625
2024-02-10,47771.27734375,,
2024-02-11,48293.91796875,,
2024-02-12,49958.22265625,5021.83984375,15942.5498046875
2024-02-13,49742.44140625,4953.169921875,15655.599609375
2024-02-14,51826.6953125,5000.6201171875,15859.150390625
2024-02-15,51938.5546875,5029.72998046875,15906.169921875
2024-02-16,52160.203125,5005.56982421875,15775.650390625
2024-02-17,51662.99609375,,
2024-02-18,52122.546875,,
2024-02-19,51779.14453125,,
2024-02-20,52284.875,4975.509765625,15630.7802734375
2024-02-21,51839.1796875,4981.7998046875,15580.8701171875
2024-02-22,51304.97265625,5087.02978515625,16041.6201171875
2024-02-23,50731.94921875,5088.7998046875,15996.8203125
2024-02-24,51571.1015625,,
2024-02-25,51733.23828125,,
2024-02-26,54522.40234375,5069.52978515625,15976.25
2024-02-27,57085.37109375,5078.18017578125,16035.2998046875
2024-02-28,62504.7890625,5069.759765625,15947.740234375
2024-02-29,61198.3828125,5096.27001953125,16091.919921875
2024-03-01,62440.6328125,5137.080078125,16274.9404296875
2024-03-02,62029.84765625,,
2024-03-03,63167.37109375,,
2024-03-04,68330.4140625,5130.9501953125,16207.509765625
2024-03-05,63801.19921875,5078.64990234375,15939.58984375
2024-03-06,66106.8046875,5104.759765625,16031.5400390625
2024-03-07,66925.484375,5157.35986328125,16273.3798828125
2024-03-08,68300.09375,5123.68994140625,16085.1103515625
2024-03-09,68498.8828125,,
2024-03-10,69019.7890625,,
2024-03-11,72123.90625,5117.93994140625,16019.26953125
2024-03-12,71481.2890625,5175.27001953125,16265.6396484375
2024-03-13,73083.5,5165.31005859375,16177.76953125
2024-03-14,71396.59375,5150.47998046875,16128.5302734375
2024-03-15,69403.7734375,5117.08984375,15973.169921875
2024-03-16,65315.1171875,,
2024-03-17,68390.625,,
2024-03-18,67548.59375,5149.419921875,16103.4501953125
2024-03-19,61912.7734375,5178.509765625,16166.7900390625
2024-03-20,67913.671875,5224.6201171875,16369.41015625
2024-03-21,65491.390625,5241.52978515625,16401.83984375
2024-03-22,63778.76171875,5234.18017578125,16428.8203125
2024-03-23,64062.203125,,
2024-03-24,67234.171875,,
2024-03-25,69958.8125,5218.18994140625,16384.470703125
2024-03-26,69987.8359375,5203.580078125,16315.7001953125
2024-03-27,69455.34375,5248.490234375,16399.51953125
2024-03-28,70744.953125,5254.35009765625,16379.4599609375
2024-03-29,69892.828125,,
2024-03-30,69645.3046875,,
2024-03-31,71333.6484375,,
2024-04-01,69702.1484375,5243.77001953125,16396.830078125
2024-04-02,65446.97265625,5205.81005859375,16240.4501953125
2024-04-03,65980.8125,5211.490234375,16277.4599609375
2024-04-04,68508.84375,5147.2099609375,16049.080078125
2024-04-05,67837.640625,5204.33984375,16248.51953125
2024-04-06,68896.109375,,
2024-04-07,69362.5546875,,
2024-04-08,71631.359375,5202.39013671875,16253.9599609375
2024-04-09,69139.015625,5209.91015625,16306.6396484375
2024-04-10,70587.8828125,5160.64013671875,16170.3603515625
2024-04-11,70060.609375,5199.06005859375,16442.19921875
2024-04-12,67195.8671875,5123.41015625,16175.08984375
2024-04-13,63821.47265625,,
2024-04-14,65738.7265625,,
2024-04-15,63426.2109375,5061.81982421875,15885.01953125
2024-04-16,63811.86328125,5051.41015625,15865.25
2024-04-17,61276.69140625,5022.2099609375,15683.3701171875
2024-04-18,63512.75390625,5011.1201171875,15601.5
2024-04-19,63843.5703125,4967.22998046875,15282.009765625
2024-04-20,64994.44140625,,
2024-04-21,64926.64453125,,
2024-04-22,66837.6796875,5010.60009765625,15451.3095703125
2024-04-23,66407.2734375,5070.5498046875,15696.6396484375
2024-04-24,64276.8984375,5071.6298828125,15712.75
2024-04-25,64481.70703125,5048.419921875,15611.759765625
2024-04-26,63755.3203125,5099.9599609375,15927.900390625
2024-04-27,63419.140625,,
2024-04-28,63113.23046875,,
2024-04-29,63841.12109375,5116.169921875,15983.080078125
2024-04-30,60636.85546875,5035.68994140625,15657.8203125
2024-05-01,58254.01171875,5018.39013671875,15605.48046875
2024-05-02,59123.43359375,5064.2001953125,15840.9599609375
2024-05-03,62889.8359375,5127.7900390625,16156.330078125
2024-05-04,63891.47265625,,
2024-05-05,64031.1328125,,
2024-05-06,63161.94921875,5180.740234375,16349.25
2024-05-07,62334.81640625,5187.7001953125,16332.5595703125
2024-05-08,61187.94140625,5187.669921875,16302.759765625
2024-05-09,63049.9609375,5214.080078125,16346.259765625
2024-05-10,60792.77734375,5222.68017578125,16340.8701171875
2024-05-11,60793.7109375,,
2024-05-12,61448.39453125,,
2024-05-13,62901.44921875,5221.419921875,16388.240234375
2024-05-14,61552.7890625,5246.68017578125,16511.1796875
2024-05-15,66267.4921875,5308.14990234375,16742.390625
2024-05-16,65231.58203125,5297.10009765625,16698.3203125
2024-05-17,67051.875,5303.27001953125,16685.970703125
2024-05-18,66940.8046875,,
2024-05-19,66278.3671875,,
2024-05-20,71448.1953125,5308.1298828125,16794.869140625
2024-05-21,70136.53125,5321.41015625,16832.619140625
2024-05-22,69122.3359375,5307.009765625,16801.5390625
2024-05-23,67929.5625,5267.83984375,16736.029296875
2024-05-24,68526.1015625,5304.72021484375,16920.7890625
2024-05-25,69265.9453125,,
2024-05-26,68518.09375,,
2024-05-27,69394.5546875,,
2024-05-28,68296.21875,5306.0400390625,17019.880859375
2024-05-29,67578.09375,5266.9501953125,16920.580078125
2024-05-30,68364.9921875,5235.47998046875,16737.080078125
2024-05-31,67491.4140625,5277.509765625,16735.01953125
2024-06-01,67706.9375,,
2024-06-02,67751.6015625,,
2024-06-03,68804.78125,5283.39990234375,16828.669921875
2024-06-04,70567.765625,5291.33984375,16857.05078125
2024-06-05,71082.8203125,5354.02978515625,17187.900390625
2024-06-06,70757.1640625,5352.9599609375,17173.119140625
2024-06-07,69342.5859375,5346.990234375,17133.130859375
2024-06-08,69305.7734375,,
2024-06-09,69647.9921875,,
2024-06-10,69512.28125,5360.7900390625,17192.529296875
2024-06-11,67332.03125,5375.31982421875,17343.55078125
2024-06-12,68241.1875,5421.02978515625,17608.439453125
2024-06-13,66756.3984375,5433.740234375,17667.560546875
2024-06-14,66011.09375,5431.60009765625,17688.880859375
2024-06-15,66191.0,,
2024-06-16,66639.046875,,
2024-06-17,66490.296875,5473.22998046875,17857.01953125
2024-06-18,65140.74609375,5487.02978515625,17862.23046875
2024-06-19,64960.296875,,
2024-06-20,64828.65625,5473.169921875,17721.58984375
2024-06-21,64096.19921875,5464.6201171875,17689.359375
2024-06-22,64252.578125,,
2024-06-23,63180.796875,,
2024-06-24,60277.4140625,5447.8701171875,17496.8203125
2024-06-25,61804.640625,5469.2998046875,17717.650390625
2024-06-26,60811.27734375,5477.89990234375,17805.16015625
2024-06-27,61604.80078125,5482.8701171875,17858.6796875
2024-06-28,60320.13671875,5460.47998046875,17732.599609375
2024-06-29,60887.37890625,,
2024-06-30,62678.29296875,,
2024-07-01,62851.98046875,5475.08984375,17879.30078125
2024-07-02,62029.015625,5509.009765625,18028.759765625
2024-07-03,60173.921875,5537.02001953125,18188.30078125
2024-07-04,56977.703125,,
2024-07-05,56662.375,5567.18994140625,18352.759765625
2024-07-06,58303.5390625,,
2024-07-07,55849.109375,,
2024-07-08,56705.09765625,5572.85009765625,18403.740234375
2024-07-09,58009.2265625,5576.97998046875,18429.2890625
2024-07-10,57742.49609375,5633.91015625,18647.44921875
2024-07-11,57344.9140625,5584.5400390625,18283.41015625
2024-07-12,57899.46484375,5615.35009765625,18398.44921875
2024-07-13,59231.953125,,
2024-07-14,60787.79296875,,
2024-07-15,64870.15234375,5631.22021484375,18472.5703125
2024-07-16,65097.1484375,5667.2001953125,18509.33984375
2024-07-17,64118.79296875,5588.27001953125,17996.919921875
2024-07-18,63974.06640625,5544.58984375,17871.220703125
2024-07-19,66710.15625,5505.0,17726.939453125
2024-07-20,67163.6484375,,
2024-07-21,68154.5234375,,
2024-07-22,67585.25,5564.41015625,18007.5703125
2024-07-23,65927.671875,5555.740234375,17997.349609375
2024-07-24,65372.1328125,5427.1298828125,17342.41015625
2024-07-25,65777.2265625,5399.22021484375,17181.720703125
2024-07-26,67912.0625,5459.10009765625,17357.880859375
2024-07-27,67813.3359375,,
2024-07-28,68255.8671875,,
2024-07-29,66819.9140625,5463.5400390625,17370.19921875
2024-07-30,66201.015625,5436.43994140625,17147.419921875
2024-07-31,64619.25,5522.2998046875,17599.400390625
