,1 Month,3 Month,6 Month,1 Year,2 Year,3 Year,5 Year,7 Year,10 Year,20 Year,30 Year
1989-06-01 00:00:00,,8.92,8.87,8.87,8.82,8.78,8.65,8.65,8.61,,8.61
1989-06-02 00:00:00,,8.65,8.6,8.57,8.52,8.47,8.42,8.45,8.43,,8.48
1989-06-05 00:00:00,,8.54,8.49,8.46,8.44,8.39,8.33,8.38,8.36,,8.44
1989-06-06 00:00:00,,8.45,8.36,8.48,8.45,8.4,8.35,8.38,8.36,,8.41
1989-06-07 00:00:00,,8.43,8.25,8.39,8.38,8.35,8.28,8.31,8.27,,8.34
1989-06-08 00:00:00,,8.4,8.21,8.35,8.33,8.3,8.26,8.29,8.27,,8.31
1989-06-09 00:00:00,,8.5,8.32,8.32,8.28,8.23,8.16,8.17,8.15,,8.15
1989-06-12 00:00:00,,8.46,8.31,8.33,8.29,8.26,8.18,8.19,8.16,,8.13
1989-06-13 00:00:00,,8.45,8.28,8.45,8.41,8.38,8.3,8.31,8.25,,8.21
1989-06-14 00:00:00,,8.41,8.21,8.41,8.36,8.32,8.24,8.25,8.2,,8.17
1989-06-15 00:00:00,,8.37,8.32,8.49,8.48,8.46,8.36,8.37,8.33,,8.3
1989-06-16 00:00:00,,8.42,8.41,8.57,8.53,8.48,8.4,8.38,8.35,,8.31
1989-06-19 00:00:00,,8.42,8.41,8.57,8.55,8.49,8.41,8.42,8.37,,8.34
1989-06-20 00:00:00,,8.44,8.54,8.52,8.5,8.45,8.35,8.36,8.31,,8.28
1989-06-21 00:00:00,,8.42,8.57,8.57,8.53,8.49,8.4,8.4,8.37,,8.33
1989-06-22 00:00:00,,8.44,8.59,8.58,8.55,8.5,8.41,8.42,8.38,,8.34
1989-06-23 00:00:00,,8.33,8.4,8.39,8.39,8.34,8.27,8.29,8.25,,8.2
1989-06-26 00:00:00,,8.38,8.39,8.37,8.35,8.29,8.22,8.22,8.18,,8.16
1989-06-27 00:00:00,,8.33,8.21,8.35,8.27,8.25,8.14,8.16,8.11,,8.08
1989-06-28 00:00:00,,8.32,8.21,8.35,8.27,8.27,8.18,8.2,8.17,,8.13
1989-06-29 00:00:00,,8.22,8.17,8.19,8.16,8.14,8.09,8.13,8.12,,8.09
1989-06-30 00:00:00,,8.26,8.14,8.12,8.08,8.05,8.03,8.1,8.1,,8.05
1989-07-03 00:00:00,,8.23,8.11,8.04,8.02,8.0,7.99,8.09,8.09,,8.07
1989-07-04 00:00:00,,,,,,,,,,,
1989-07-05 00:00:00,,8.05,7.96,8.0,7.99,7.97,7.97,8.11,8.11,,8.14
1989-07-06 00:00:00,,8.03,7.96,7.96,7.94,7.92,7.91,8.07,8.08,,8.1
1989-07-07 00:00:00,,7.98,7.91,7.89,7.83,7.85,7.86,8.0,8.02,,8.04
1989-07-10 00:00:00,,8.0,7.88,7.89,7.81,7.83,7.84,7.97,7.99,,8.02
1989-07-11 00:00:00,,8.03,7.9,7.87,7.81,7.8,7.8,7.96,8.0,,8.04
1989-07-12 00:00:00,,7.99,7.85,7.81,7.74,7.77,7.79,7.88,8.0,,8.04
1989-07-13 00:00:00,,8.03,7.94,7.81,7.74,7.78,7.8,7.89,8.0,,8.05
1989-07-14 00:00:00,,8.1,8.05,7.86,7.83,7.81,7.84,7.92,8.04,,8.09
1989-07-17 00:00:00,,8.18,8.1,7.92,7.85,7.86,7.85,7.95,8.05,,8.11
1989-07-18 00:00:00,,8.18,8.18,8.03,7.95,7.97,7.97,8.04,8.13,,8.17
1989-07-19 00:00:00,,8.2,8.13,7.96,7.9,7.92,7.9,8.01,8.09,,8.14
1989-07-20 00:00:00,,8.24,8.09,7.88,7.81,7.81,7.8,7.91,8.01,,8.1
1989-07-21 00:00:00,,8.39,8.23,8.02,7.91,7.91,7.89,7.97,8.07,,8.16
1989-07-24 00:00:00,,8.37,8.23,8.01,7.93,7.9,7.87,7.96,8.05,,8.14
1989-07-25 00:00:00,,8.31,8.01,7.92,7.84,7.82,7.79,7.91,8.01,,8.12
1989-07-26 00:00:00,,8.3,8.06,7.91,7.75,7.83,7.81,7.89,8.02,,8.11
1989-07-27 00:00:00,,8.17,7.96,7.77,7.65,7.7,7.69,7.8,7.92,,8.03
1989-07-28 00:00:00,,8.12,7.89,7.69,7.56,7.62,7.6,7.72,7.87,,7.99
1989-07-31 00:00:00,,8.04,7.83,7.65,7.53,7.58,7.56,7.68,7.82,,7.92
1989-08-01 00:00:00,,7.89,7.73,7.61,7.46,7.51,7.49,7.6,7.74,,7.83
1989-08-02 00:00:00,,7.89,7.74,7.63,7.53,7.59,7.57,7.65,7.76,,7.84
1989-08-03 00:00:00,,7.9,7.8,7.69,7.6,7.66,7.64,7.71,7.8,,7.9
1989-08-04 00:00:00,,8.13,8.09,8.05,7.92,7.98,7.94,7.95,8.0,,8.08
1989-08-07 00:00:00,,8.21,8.18,8.16,8.01,8.05,7.98,7.98,8.03,,8.08
1989-08-08 00:00:00,,8.22,8.08,8.08,7.96,7.94,7.95,7.96,8.0,,8.08
1989-08-09 00:00:00,,8.18,8.01,8.1,7.99,7.98,7.96,7.98,8.05,,8.12
1989-08-10 00:00:00,,8.13,8.0,8.08,7.99,7.97,7.96,7.98,8.02,,8.08
1989-08-11 00:00:00,,8.22,8.08,8.18,8.12,8.1,8.1,8.08,8.09,,8.13
1989-08-14 00:00:00,,8.32,8.17,8.33,8.31,8.28,8.27,8.28,8.24,,8.23
1989-08-15 00:00:00,,8.31,8.31,8.33,8.29,8.26,8.24,8.23,8.21,,8.19
1989-08-16 00:00:00,,8.22,8.23,8.22,8.17,8.15,8.11,8.13,8.12,,8.13
1989-08-17 00:00:00,,8.15,8.26,8.31,8.26,8.22,8.2,8.2,8.18,,8.16
1989-08-18 00:00:00,,8.13,8.29,8.29,8.26,8.24,8.2,8.17,8.15,,8.15
1989-08-21 00:00:00,,8.2,8.34,8.35,8.32,8.27,8.27,8.24,8.2,,8.18
1989-08-22 00:00:00,,8.33,8.45,8.45,8.43,8.39,8.35,8.33,8.29,,8.25
1989-08-23 00:00:00,,8.28,8.35,8.38,8.37,8.36,8.23,8.29,8.25,,8.19
1989-08-24 00:00:00,,8.24,8.31,8.32,8.32,8.3,8.23,8.24,8.2,,8.16
1989-08-25 00:00:00,,8.23,8.32,8.32,8.34,8.32,8.23,8.24,8.21,,8.18
1989-08-28 00:00:00,,8.26,8.35,8.36,8.41,8.37,8.29,8.3,8.27,,8.23
1989-08-29 00:00:00,,8.17,8.29,8.37,8.44,8.41,8.3,8.31,8.27,,8.21
1989-08-30 00:00:00,,8.14,8.24,8.34,8.41,8.37,8.28,8.29,8.25,,8.2
1989-08-31 00:00:00,,8.16,8.21,8.28,8.42,8.37,8.27,8.3,8.26,,8.21
1989-09-01 00:00:00,,8.12,8.19,8.23,8.37,8.32,8.18,8.23,8.19,,8.14
1989-09-04 00:00:00,,,,,,,,,,,
1989-09-05 00:00:00,,8.15,8.26,8.31,8.37,8.34,8.21,8.23,8.19,,8.14
1989-09-06 00:00:00,,8.09,8.27,8.29,8.35,8.31,8.19,8.21,8.17,,8.11
1989-09-07 00:00:00,,8.07,8.24,8.26,8.35,8.28,8.19,8.22,8.17,,8.11
1989-09-08 00:00:00,,8.04,8.2,8.2,8.27,8.23,8.14,8.19,8.14,,8.07
1989-09-11 00:00:00,,7.95,8.07,8.1,8.2,8.17,8.1,8.16,8.13,,8.07
1989-09-12 00:00:00,,7.88,8.02,8.1,8.18,8.13,8.07,8.16,8.13,,8.09
1989-09-13 00:00:00,,7.85,8.01,8.11,8.2,8.16,8.11,8.18,8.18,,8.15
1989-09-14 00:00:00,,7.83,7.98,8.03,8.09,8.08,8.05,8.12,8.13,,8.12
1989-09-15 00:00:00,,7.78,7.94,7.99,8.06,8.03,8.01,8.09,8.09,,8.08
1989-09-18 00:00:00,,7.87,8.04,8.08,8.13,8.08,8.04,8.11,8.1,,8.09
1989-09-19 00:00:00,,7.92,8.05,8.07,8.14,8.13,8.05,8.11,8.09,,8.09
1989-09-20 00:00:00,,8.08,8.17,8.22,8.27,8.23,8.14,8.18,8.15,,8.15
1989-09-21 00:00:00,,8.1,8.18,8.26,8.32,8.26,8.19,8.24,8.2,,8.19
1989-09-22 00:00:00,,8.02,8.17,8.25,8.34,8.27,8.2,8.26,8.22,,8.2
1989-09-25 00:00:00,,8.09,8.25,8.33,8.43,8.41,8.32,8.38,8.32,,8.3
1989-09-26 00:00:00,,8.03,8.26,8.34,8.36,8.39,8.29,8.34,8.3,,8.25
1989-09-27 00:00:00,,8.1,8.26,8.36,8.39,8.4,8.31,8.36,8.3,,8.25
1989-09-28 00:00:00,,8.14,8.28,8.41,8.41,8.42,8.34,8.37,8.3,,8.25
1989-09-29 00:00:00,,8.18,8.34,8.48,8.46,8.46,8.36,8.4,8.31,,8.24
1989-10-02 00:00:00,,8.17,8.37,8.49,8.48,8.46,8.33,8.36,8.28,,8.22
1989-10-03 00:00:00,,8.05,8.32,8.41,8.39,8.38,8.27,8.31,8.23,,8.19
1989-10-04 00:00:00,,8.05,8.32,8.41,8.37,8.37,8.25,8.29,8.22,,8.16
1989-10-05 00:00:00,,8.03,8.28,8.36,8.31,8.31,8.18,8.22,8.15,,8.09
1989-10-06 00:00:00,,7.83,8.03,8.06,8.1,8.08,8.01,8.08,8.03,,8.01
1989-10-09 00:00:00,,,,,,,,,,,
1989-10-10 00:00:00,,7.89,8.04,8.04,8.06,8.06,8.0,8.08,8.03,,8.01
1989-10-11 00:00:00,,7.96,8.09,8.08,8.08,8.1,8.03,8.1,8.07,,8.05
1989-10-12 00:00:00,,7.96,8.03,7.99,8.01,8.03,7.98,8.05,8.04,,8.02
1989-10-13 00:00:00,,7.87,7.99,7.9,7.69,7.79,7.79,7.85,7.87,,7.88
1989-10-16 00:00:00,,7.7,7.9,7.85,7.85,7.94,7.91,7.97,7.98,,7.98
1989-10-17 00:00:00,,7.68,7.89,7.82,7.83,7.93,7.92,7.98,8.0,,8.01
1989-10-18 00:00:00,,7.75,7.91,7.81,7.83,7.93,7.92,8.01,8.01,,8.03
1989-10-19 00:00:00,,7.83,7.97,7.9,7.87,7.94,7.91,7.96,7.96,,7.97
1989-10-20 00:00:00,,7.8,8.0,7.88,7.92,7.96,7.93,7.98,7.98,,7.98
1989-10-23 00:00:00,,7.83,7.96,7.85,7.88,7.91,7.87,7.92,7.92,,7.94
1989-10-24 00:00:00,,7.75,7.83,7.76,7.78,7.82,7.8,7.86,7.87,,7.87
1989-10-25 00:00:00,,7.81,7.84,7.77,7.76,7.82,7.79,7.86,7.86,,7.88
1989-10-26 00:00:00,,7.86,7.87,7.8,7.78,7.85,7.81,7.89,7.88,,7.89
1989-10-27 00:00:00,,8.02,8.0,7.88,7.87,7.92,7.87,7.95,7.94,,7.95
1989-10-30 00:00:00,,8.01,7.98,7.87,7.85,7.91,7.86,7.92,7.92,,7.93
1989-10-31 00:00:00,,8.04,7.99,7.88,7.85,7.91,7.86,7.92,7.92,,7.92
1989-11-01 00:00:00,,8.05,7.95,7.86,7.87,7.91,7.86,7.92,7.91,,7.89
1989-11-02 00:00:00,,7.99,7.92,7.81,7.81,7.86,7.81,7.86,7.87,,7.88
1989-11-03 00:00:00,,8.1,8.09,8.01,8.01,8.02,7.93,7.95,7.96,,7.92
1989-11-06 00:00:00,,8.13,8.14,8.05,8.04,8.07,7.99,8.01,8.0,,7.97
1989-11-07 00:00:00,,8.0,7.98,7.88,7.87,7.92,7.85,7.87,7.9,,7.88
1989-11-08 00:00:00,,7.94,7.9,7.79,7.78,7.83,7.81,7.84,7.87,,7.88
1989-11-09 00:00:00,,7.96,7.99,7.82,7.8,7.79,7.84,7.86,7.9,,7.91
1989-11-10 00:00:00,,7.97,7.98,7.83,7.83,7.82,7.85,7.88,7.92,,7.9
1989-11-13 00:00:00,,7.95,7.96,7.8,7.82,7.82,7.85,7.88,7.89,,7.89
1989-11-14 00:00:00,,7.92,7.83,7.7,7.75,7.75,7.8,7.86,7.87,,7.9
1989-11-15 00:00:00,,7.9,7.79,7.66,7.69,7.69,7.74,7.8,7.82,,7.87
1989-11-16 00:00:00,,7.92,7.83,7.7,7.71,7.7,7.74,7.79,7.82,,7.87
1989-11-17 00:00:00,,7.93,7.85,7.69,7.77,7.75,7.82,7.87,7.88,,7.94
1989-11-20 00:00:00,,7.93,7.85,7.69,7.77,7.74,7.8,7.86,7.86,,7.92
1989-11-21 00:00:00,,7.89,7.83,7.69,7.77,7.74,7.79,7.84,7.85,,7.91
1989-11-22 00:00:00,,7.84,7.75,7.6,7.66,7.65,7.72,7.77,7.81,,7.88
1989-11-23 00:00:00,,,,,,,,,,,
1989-11-24 00:00:00,,7.76,7.69,7.59,7.64,7.63,7.7,7.76,7.8,,7.88
1989-11-27 00:00:00,,7.91,7.86,7.74,7.79,7.76,7.8,7.83,7.85,,7.92
1989-11-28 00:00:00,,7.97,7.91,7.76,7.78,7.79,7.81,7.84,7.86,,7.91
1989-11-29 00:00:00,,7.92,7.85,7.77,7.8,7.8,7.78,7.87,7.88,,7.93
1989-11-30 00:00:00,,7.84,7.78,7.72,7.75,7.75,7.74,7.83,7.84,,7.9
1989-12-01 00:00:00,,7.78,7.74,7.67,7.7,7.7,7.7,7.79,7.81,,7.88
1989-12-04 00:00:00,,7.79,7.75,7.68,7.72,7.73,7.7,7.79,7.82,,7.88
1989-12-05 00:00:00,,7.81,7.67,7.68,7.72,7.71,7.7,7.79,7.82,,7.88
1989-12-06 00:00:00,,7.9,7.74,7.76,7.8,7.79,7.76,7.84,7.85,,7.91
1989-12-07 00:00:00,,7.95,7.79,7.82,7.85,7.84,7.8,7.88,7.88,,7.93
1989-12-08 00:00:00,,7.86,7.71,7.73,7.78,7.77,7.73,7.83,7.82,,7.88
1989-12-11 00:00:00,,7.88,7.72,7.74,7.78,7.76,7.74,7.83,7.83,,7.89
1989-12-12 00:00:00,,7.92,7.84,7.76,7.8,7.76,7.74,7.84,7.84,,7.9
1989-12-13 00:00:00,,7.95,7.84,7.77,7.82,7.76,7.73,7.84,7.82,,7.88
1989-12-14 00:00:00,,7.88,7.78,7.71,7.75,7.7,7.68,7.8,7.79,,7.85
1989-12-15 00:00:00,,7.87,7.78,7.65,7.75,7.7,7.7,7.82,7.8,,7.86
1989-12-18 00:00:00,,7.85,7.77,7.62,7.75,7.69,7.67,7.79,7.77,,7.83
1989-12-19 00:00:00,,7.93,7.88,7.72,7.72,7.73,7.69,7.81,7.78,,7.85
1989-12-20 00:00:00,,7.82,7.78,7.63,7.64,7.7,7.67,7.78,7.77,,7.84
1989-12-21 00:00:00,,7.81,7.78,7.64,7.68,7.71,7.67,7.8,7.77,,7.86
1989-12-22 00:00:00,,7.84,7.83,7.7,7.74,7.77,7.75,7.86,7.82,,7.88
1989-12-25 00:00:00,,,,,,,,,,,
1989-12-26 00:00:00,,8.02,8.04,7.83,7.9,7.91,7.9,8.02,7.95,,8.0
1989-12-27 00:00:00,,7.99,8.0,7.82,7.9,7.92,7.89,7.99,7.94,,7.98
1989-12-28 00:00:00,,7.94,7.96,7.77,7.87,7.88,7.85,7.96,7.91,,7.97
1989-12-29 00:00:00,,7.8,7.87,7.76,7.87,7.87,7.86,7.97,7.93,,7.98
1990-01-01 00:00:00,,,,,,,,,,,
1990-01-02 00:00:00,,7.83,7.89,7.81,7.87,7.9,7.87,7.98,7.94,,8.0
1990-01-03 00:00:00,,7.89,7.94,7.85,7.94,7.96,7.92,8.04,7.99,,8.04
1990-01-04 00:00:00,,7.84,7.9,7.82,7.92,7.93,7.91,8.02,7.98,,8.04
1990-01-05 00:00:00,,7.79,7.85,7.79,7.9,7.94,7.92,8.03,7.99,,8.06
1990-01-08 00:00:00,,7.79,7.88,7.81,7.9,7.95,7.92,8.05,8.02,,8.09
1990-01-09 00:00:00,,7.8,7.82,7.78,7.91,7.94,7.92,8.05,8.02,,8.1
1990-01-10 00:00:00,,7.75,7.78,7.77,7.91,7.95,7.92,8.0,8.03,,8.11
1990-01-11 00:00:00,,7.8,7.8,7.77,7.91,7.95,7.94,8.01,8.04,,8.11
1990-01-12 00:00:00,,7.74,7.81,7.76,7.93,7.98,7.99,8.07,8.1,,8.17
1990-01-15 00:00:00,,,,,,,,,,,
1990-01-16 00:00:00,,7.89,7.99,7.92,8.1,8.13,8.11,8.18,8.2,,8.25
1990-01-17 00:00:00,,7.97,7.97,7.91,8.09,8.11,8.11,8.17,8.19,,8.25
1990-01-18 00:00:00,,8.04,8.08,8.05,8.25,8.28,8.27,8.31,8.32,,8.35
1990-01-19 00:00:00,,8.0,8.01,8.0,8.2,8.23,8.2,8.24,8.26,,8.29
1990-01-22 00:00:00,,7.99,7.99,7.98,8.18,8.2,8.19,8.25,8.27,,8.31
1990-01-23 00:00:00,,7.93,7.97,7.97,8.18,8.2,8.18,8.23,8.26,,8.29
1990-01-24 00:00:00,,7.93,7.99,8.0,8.2,8.29,8.28,8.34,8.38,,8.41
1990-01-25 00:00:00,,7.95,8.01,8.03,8.24,8.32,8.31,8.39,8.42,,8.46
1990-01-26 00:00:00,,7.93,8.04,8.07,8.28,8.38,8.38,8.45,8.49,,8.55
1990-01-29 00:00:00,,8.0,8.09,8.08,8.3,8.39,8.39,8.45,8.5,,8.54
1990-01-30 00:00:00,,8.0,8.14,8.09,8.3,8.39,8.43,8.47,8.51,,8.55
1990-01-31 00:00:00,,8.0,8.13,8.08,8.28,8.36,8.35,8.39,8.43,,8.46
1990-02-01 00:00:00,,8.02,8.13,8.09,8.28,8.35,8.35,8.38,8.42,,8.44
1990-02-02 00:00:00,,8.07,8.17,8.13,8.37,8.43,8.42,8.46,8.5,,8.51
1990-02-05 00:00:00,,8.08,8.18,8.15,8.37,8.43,8.44,8.48,8.53,,8.53
1990-02-06 00:00:00,,8.09,8.17,8.15,8.42,8.43,8.49,8.52,8.57,,8.58
1990-02-07 00:00:00,,8.08,8.19,8.17,8.42,8.43,8.51,8.53,8.52,,8.57
1990-02-08 00:00:00,,8.08,8.18,8.13,8.37,8.39,8.45,8.48,8.49,,8.5
1990-02-09 00:00:00,,8.02,8.09,8.03,8.25,8.24,8.29,8.34,8.31,,8.36
1990-02-12 00:00:00,,7.99,8.11,8.06,8.32,8.32,8.37,8.41,8.4,,8.43
1990-02-13 00:00:00,,7.84,7.97,7.95,8.21,8.21,8.29,8.36,8.35,,8.39
1990-02-14 00:00:00,,7.87,8.0,8.03,8.27,8.27,8.34,8.36,8.36,,8.41
1990-02-15 00:00:00,,7.97,8.08,8.11,8.35,8.35,8.4,8.44,8.43,,8.47
1990-02-16 00:00:00,,7.94,8.07,8.09,8.36,8.34,8.41,8.43,8.42,,8.46
1990-02-19 00:00:00,,,,,,,,,,,
1990-02-20 00:00:00,,8.06,8.2,8.24,8.52,8.52,8.58,8.63,8.62,,8.66
1990-02-21 00:00:00,,8.01,8.19,8.22,8.5,8.52,8.6,8.63,8.62,,8.66
1990-02-22 00:00:00,,7.99,8.15,8.17,8.45,8.48,8.48,8.57,8.54,,8.56
1990-02-23 00:00:00,,7.93,8.09,8.11,8.43,8.45,8.47,8.56,8.53,,8.56
1990-02-26 00:00:00,,7.97,8.09,8.1,8.38,8.4,8.4,8.49,8.46,,8.49
1990-02-27 00:00:00,,7.99,8.1,8.06,8.34,8.34,8.34,8.43,8.41,,8.45
1990-02-28 00:00:00,,8.04,8.14,8.12,8.43,8.45,8.44,8.54,8.51,,8.54
1990-03-01 00:00:00,,8.08,8.19,8.21,8.53,8.53,8.53,8.62,8.59,,8.61
1990-03-02 00:00:00,,8.02,8.17,8.22,8.48,8.5,8.5,8.57,8.54,,8.55
1990-03-05 00:00:00,,8.09,8.27,8.31,8.55,8.59,8.58,8.69,8.65,,8.66
1990-03-06 00:00:00,,8.17,8.24,8.31,8.54,8.56,8.57,8.64,8.59,,8.59
1990-03-07 00:00:00,,8.18,8.22,8.29,8.54,8.55,8.56,8.63,8.58,,8.58
1990-03-08 00:00:00,,8.18,8.24,8.35,8.59,8.58,8.57,8.62,8.57,,8.56
1990-03-09 00:00:00,,8.26,8.33,8.46,8.73,8.71,8.68,8.71,8.65,,8.63
1990-03-12 00:00:00,,8.26,8.33,8.44,8.71,8.7,8.67,8.7,8.63,,8.62
1990-03-13 00:00:00,,8.26,8.34,8.48,8.77,8.77,8.75,8.78,8.73,,8.72
1990-03-14 00:00:00,,8.23,8.31,8.41,8.69,8.7,8.67,8.71,8.65,,8.61
1990-03-15 00:00:00,,8.21,8.32,8.41,8.71,8.7,8.69,8.73,8.66,,8.63
1990-03-16 00:00:00,,8.19,8.29,8.36,8.64,8.62,8.61,8.64,8.59,,8.55
1990-03-19 00:00:00,,8.22,8.32,8.38,8.68,8.66,8.65,8.66,8.59,,8.54
1990-03-20 00:00:00,,8.25,8.35,8.38,8.68,8.65,8.61,8.62,8.54,,8.47
1990-03-21 00:00:00,,8.23,8.34,8.39,8.69,8.66,8.62,8.63,8.55,,8.47
1990-03-22 00:00:00,,8.17,8.27,8.32,8.62,8.6,8.56,8.61,8.53,,8.49
1990-03-23 00:00:00,,8.15,8.26,8.29,8.61,8.59,8.54,8.59,8.52,,8.48
1990-03-26 00:00:00,,8.13,8.28,8.3,8.61,8.59,8.52,8.58,8.51,,8.47
1990-03-27 00:00:00,,8.17,8.3,8.35,8.59,8.6,8.55,8.59,8.52,,8.48
1990-03-28 00:00:00,,8.12,8.27,8.33,8.57,8.6,8.53,8.58,8.51,,8.47
1990-03-29 00:00:00,,8.1,8.28,8.36,8.62,8.65,8.6,8.66,8.6,,8.58
1990-03-30 00:00:00,,8.07,8.24,8.35,8.64,8.69,8.65,8.7,8.65,,8.63
1990-04-02 00:00:00,,8.05,8.23,8.34,8.62,8.67,8.65,8.69,8.65,,8.63
1990-04-03 00:00:00,,8.09,8.25,8.32,8.61,8.65,8.64,8.69,8.63,,8.61
1990-04-04 00:00:00,,8.01,8.17,8.27,8.54,8.59,8.56,8.62,8.55,,8.52
1990-04-05 00:00:00,,8.02,8.18,8.28,8.54,8.6,8.57,8.63,8.57,,8.52
1990-04-06 00:00:00,,8.02,8.16,8.26,8.52,8.58,8.55,8.61,8.56,,8.52
1990-04-09 00:00:00,,8.09,8.23,8.29,8.54,8.6,8.58,8.65,8.59,,8.55
1990-04-10 00:00:00,,8.05,8.21,8.29,8.54,8.59,8.58,8.65,8.6,,8.57
1990-04-11 00:00:00,,8.03,8.2,8.28,8.56,8.62,8.6,8.63,8.63,,8.58
1990-04-12 00:00:00,,8.02,8.2,8.29,8.57,8.63,8.62,8.65,8.64,,8.6
1990-04-13 00:00:00,,,,,,,,,,,
1990-04-16 00:00:00,,8.01,8.18,8.29,8.61,8.66,8.65,8.69,8.68,,8.64
1990-04-17 00:00:00,,8.03,8.23,8.38,8.7,8.75,8.73,8.78,8.77,,8.74
1990-04-18 00:00:00,,8.08,8.3,8.49,8.79,8.84,8.84,8.88,8.86,,8.85
1990-04-19 00:00:00,,8.06,8.28,8.46,8.81,8.86,8.84,8.88,8.87,,8.86
1990-04-20 00:00:00,,7.95,8.24,8.44,8.82,8.88,8.88,8.95,8.95,,8.93
1990-04-23 00:00:00,,8.0,8.31,8.5,8.87,8.91,8.92,8.97,8.98,,8.96
1990-04-24 00:00:00,,8.03,8.36,8.55,8.92,8.98,8.96,9.01,9.0,,8.98
1990-04-25 00:00:00,,8.06,8.4,8.57,8.95,9.01,9.0,9.03,9.01,,8.98
1990-04-26 00:00:00,,8.09,8.45,8.64,9.03,9.11,9.09,9.1,9.07,,9.04
1990-04-27 00:00:00,,8.05,8.38,8.57,8.98,9.07,9.06,9.09,9.06,,9.04
1990-04-30 00:00:00,,8.07,8.44,8.58,8.96,9.05,9.04,9.06,9.04,,9.0
1990-05-01 00:00:00,,8.19,8.49,8.56,9.02,9.09,9.08,9.09,9.08,,9.04
1990-05-02 00:00:00,,8.17,8.49,8.63,9.05,9.11,9.1,9.12,9.09,,9.05
1990-05-03 00:00:00,,8.15,8.45,8.62,8.98,9.05,9.04,9.05,9.04,,8.99
1990-05-04 00:00:00,,8.02,8.25,8.43,8.7,8.77,8.8,8.83,8.84,,8.83
1990-05-07 00:00:00,,8.09,8.26,8.44,8.74,8.82,8.83,8.86,8.87,,8.85
1990-05-08 00:00:00,,8.06,8.22,8.4,8.68,8.73,8.79,8.83,8.84,,8.81
1990-05-09 00:00:00,,8.01,8.2,8.4,8.75,8.79,8.87,8.92,8.88,,8.9
1990-05-10 00:00:00,,7.97,8.15,8.33,8.69,8.73,8.8,8.86,8.82,,8.81
1990-05-11 00:00:00,,7.88,8.04,8.21,8.55,8.58,8.64,8.68,8.64,,8.64
1990-05-14 00:00:00,,7.89,8.06,8.2,8.51,8.54,8.6,8.64,8.61,,8.58
1990-05-15 00:00:00,,7.91,8.09,8.23,8.54,8.58,8.64,8.68,8.65,,8.62
1990-05-16 00:00:00,,7.93,8.09,8.23,8.54,8.59,8.66,8.71,8.68,,8.64
1990-05-17 00:00:00,,7.93,8.1,8.24,8.56,8.6,8.69,8.73,8.69,,8.65
1990-05-18 00:00:00,,8.01,8.16,8.31,8.63,8.69,8.74,8.79,8.75,,8.7
1990-05-21 00:00:00,,8.02,8.18,8.3,8.61,8.66,8.74,8.77,8.74,,8.69
1990-05-22 00:00:00,,7.99,8.18,8.22,8.54,8.58,8.66,8.69,8.65,,8.61
1990-05-23 00:00:00,,7.91,8.11,8.17,8.51,8.55,8.61,8.65,8.61,,8.59
1990-05-24 00:00:00,,7.95,8.12,8.16,8.5,8.54,8.58,8.66,8.63,,8.6
1990-05-25 00:00:00,,8.01,8.18,8.23,8.53,8.59,8.61,8.71,8.69,,8.67
1990-05-28 00:00:00,,,,,,,,,,,
1990-05-29 00:00:00,,8.02,8.17,8.23,8.52,8.57,8.59,8.68,8.66,,8.64
1990-05-30 00:00:00,,8.03,8.09,8.2,8.48,8.54,8.56,8.65,8.62,,8.6
1990-05-31 00:00:00,,8.01,8.12,8.22,8.5,8.53,8.56,8.64,8.6,,8.58
1990-06-01 00:00:00,,7.94,8.01,8.06,8.33,8.36,8.38,8.47,8.44,,8.43
1990-06-04 00:00:00,,7.96,8.03,8.07,8.31,8.36,8.39,8.47,8.44,,8.43
1990-06-05 00:00:00,,7.96,8.03,8.09,8.34,8.38,8.42,8.51,8.47,,8.46
1990-06-06 00:00:00,,7.96,8.02,8.09,8.34,8.4,8.43,8.51,8.46,,8.44
1990-06-07 00:00:00,,7.96,8.01,8.07,8.34,8.38,8.41,8.49,8.46,,8.43
1990-06-08 00:00:00,,7.96,8.03,8.07,8.33,8.38,8.42,8.51,8.46,,8.44
1990-06-11 00:00:00,,7.99,8.07,8.09,8.36,8.41,8.43,8.52,8.48,,8.45
1990-06-12 00:00:00,,7.99,8.05,8.09,8.36,8.42,8.44,8.52,8.48,,8.45
1990-06-13 00:00:00,,7.93,7.99,8.02,8.27,8.32,8.35,8.44,8.4,,8.39
1990-06-14 00:00:00,,7.92,7.98,8.0,8.24,8.29,8.32,8.41,8.38,,8.36
1990-06-15 00:00:00,,7.95,8.04,8.05,8.33,8.37,8.41,8.49,8.46,,8.43
1990-06-18 00:00:00,,7.93,8.06,8.11,8.39,8.42,8.45,8.53,8.5,,8.47
1990-06-19 00:00:00,,8.0,8.07,8.15,8.41,8.45,8.47,8.55,8.51,,8.48
1990-06-20 00:00:00,,8.03,8.07,8.16,8.43,8.46,8.51,8.59,8.55,,8.52
1990-06-21 00:00:00,,8.03,8.08,8.14,8.41,8.44,8.48,8.57,8.52,,8.5
1990-06-22 00:00:00,,8.04,8.05,8.12,8.4,8.43,8.46,8.55,8.51,,8.49
1990-06-25 00:00:00,,8.05,8.09,8.19,8.45,8.48,8.53,8.62,8.58,,8.56
1990-06-26 00:00:00,,8.07,8.12,8.19,8.41,8.49,8.51,8.59,8.56,,8.53
1990-06-27 00:00:00,,8.05,8.1,8.14,8.37,8.43,8.47,8.56,8.52,,8.49
1990-06-28 00:00:00,,8.0,8.03,8.07,8.31,8.37,8.41,8.51,8.47,,8.45
1990-06-29 00:00:00,,8.0,8.02,8.05,8.24,8.32,8.35,8.46,8.43,,8.41
1990-07-02 00:00:00,,8.0,8.03,8.06,8.25,8.32,8.35,8.46,8.43,,8.41
1990-07-03 00:00:00,,7.96,8.0,8.01,8.2,8.28,8.32,8.44,8.4,,8.4
1990-07-04 00:00:00,,,,,,,,,,,
1990-07-05 00:00:00,,7.92,7.98,8.02,8.22,8.31,8.34,8.45,8.42,,8.42
1990-07-06 00:00:00,,8.01,8.08,8.14,8.32,8.41,8.44,8.56,8.51,,8.51
1990-07-09 00:00:00,,8.06,8.14,8.19,8.39,8.46,8.49,8.6,8.57,,8.55
1990-07-10 00:00:00,,8.07,8.17,8.21,8.4,8.48,8.5,8.61,8.57,,8.56
1990-07-11 00:00:00,,8.05,8.15,8.18,8.4,8.46,8.49,8.58,8.57,,8.56
1990-07-12 00:00:00,,7.94,7.98,7.98,8.2,8.31,8.37,8.49,8.5,,8.5
1990-07-13 00:00:00,,7.85,7.91,7.89,8.13,8.25,8.32,8.43,8.45,,8.46
1990-07-16 00:00:00,,7.86,7.91,7.89,8.15,8.26,8.31,8.43,8.44,,8.46
1990-07-17 00:00:00,,7.87,7.91,7.88,8.13,8.23,8.3,8.42,8.44,,8.46
1990-07-18 00:00:00,,7.8,7.88,7.87,8.13,8.24,8.34,8.47,8.5,,8.55
1990-07-19 00:00:00,,7.79,7.85,7.87,8.13,8.23,8.33,8.47,8.51,,8.56
1990-07-20 00:00:00,,7.79,7.84,7.84,8.08,8.18,8.28,8.43,8.48,,8.54
1990-07-23 00:00:00,,7.73,7.78,7.81,8.05,8.17,8.28,8.43,8.48,,8.54
1990-07-24 00:00:00,,7.78,7.82,7.88,8.12,8.25,8.35,8.48,8.53,,8.59
1990-07-25 00:00:00,,7.81,7.85,7.87,8.08,8.24,8.31,8.44,8.49,,8.55
1990-07-26 00:00:00,,7.83,7.86,7.9,8.08,8.24,8.31,8.45,8.49,,8.54
1990-07-27 00:00:00,,7.77,7.79,7.8,8.0,8.15,8.25,8.36,8.42,,8.48
1990-07-30 00:00:00,,7.74,7.74,7.75,7.93,8.05,8.14,8.28,8.34,,8.4
1990-07-31 00:00:00,,7.74,7.72,7.72,7.91,8.04,8.13,8.28,8.36,,8.42
1990-08-01 00:00:00,,7.67,7.65,7.63,7.85,7.96,8.06,8.2,8.29,,8.36
1990-08-02 00:00:00,,7.68,7.67,7.7,7.9,8.03,8.15,8.3,8.41,,8.46
1990-08-03 00:00:00,,7.52,7.55,7.56,7.79,7.98,8.11,8.32,8.43,,8.55
1990-08-06 00:00:00,,7.54,7.59,7.63,7.9,8.11,8.29,8.55,8.71,,8.82
1990-08-07 00:00:00,,7.61,7.73,7.75,8.04,8.19,8.41,8.65,8.78,,8.86
1990-08-08 00:00:00,,7.62,7.69,7.73,8.02,8.19,8.43,8.65,8.77,,8.87
1990-08-09 00:00:00,,7.66,7.69,7.72,7.99,8.13,8.33,8.55,8.66,,8.75
1990-08-10 00:00:00,,7.64,7.68,7.67,7.95,8.12,8.35,8.58,8.68,,8.79
1990-08-13 00:00:00,,7.66,7.7,7.65,7.94,8.08,8.36,8.59,8.71,,8.83
1990-08-14 00:00:00,,7.68,7.72,7.69,7.94,8.08,8.34,8.55,8.66,,8.78
1990-08-15 00:00:00,,7.7,7.73,7.68,7.94,8.08,8.33,8.54,8.64,,8.76
1990-08-16 00:00:00,,7.73,7.83,7.81,8.09,8.23,8.45,8.65,8.76,,8.91
1990-08-17 00:00:00,,7.72,7.82,7.8,8.11,8.27,8.49,8.68,8.8,,8.94
1990-08-20 00:00:00,,7.77,7.85,7.84,8.13,8.28,8.5,8.7,8.81,,8.92
1990-08-21 00:00:00,,7.83,7.88,7.9,8.19,8.32,8.56,8.74,8.84,,8.94
1990-08-22 00:00:00,,7.85,7.91,7.94,8.26,8.38,8.62,8.8,8.91,,9.03
1990-08-23 00:00:00,,7.79,7.91,7.99,8.26,8.44,8.69,8.88,9.0,,9.11
1990-08-24 00:00:00,,7.74,7.88,7.96,8.32,8.5,8.75,8.94,9.05,,9.17
1990-08-27 00:00:00,,7.78,7.89,7.89,8.21,8.34,8.61,8.8,8.9,,9.02
1990-08-28 00:00:00,,7.73,7.87,7.94,8.23,8.42,8.67,8.85,8.94,,9.07
1990-08-29 00:00:00,,7.72,7.84,7.85,8.16,8.33,8.52,8.75,8.84,,8.95
1990-08-30 00:00:00,,7.7,7.8,7.83,8.12,8.31,8.52,8.77,8.86,,8.98
1990-08-31 00:00:00,,7.63,7.74,7.76,8.07,8.26,8.5,8.77,8.86,,8.99
1990-09-03 00:00:00,,,,,,,,,,,
1990-09-04 00:00:00,,7.64,7.75,7.76,8.09,8.28,8.53,8.8,8.9,,9.03
1990-09-05 00:00:00,,7.61,7.71,7.74,8.04,8.23,8.47,8.75,8.86,,8.98
1990-09-06 00:00:00,,7.62,7.71,7.74,8.06,8.24,8.47,8.75,8.84,,8.96
1990-09-07 00:00:00,,7.63,7.73,7.73,8.04,8.22,8.45,8.72,8.81,,8.92
1990-09-10 00:00:00,,7.68,7.76,7.79,8.09,8.26,8.5,8.75,8.85,,8.98
1990-09-11 00:00:00,,7.67,7.76,7.81,8.1,8.27,8.48,8.73,8.83,,8.96
1990-09-12 00:00:00,,7.61,7.7,7.75,8.05,8.26,8.45,8.72,8.82,,8.96
1990-09-13 00:00:00,,7.59,7.65,7.7,8.01,8.19,8.44,8.71,8.82,,8.96
1990-09-14 00:00:00,,7.59,7.63,7.72,8.03,8.23,8.48,8.75,8.87,,9.01
1990-09-17 00:00:00,,7.61,7.66,7.73,8.05,8.23,8.49,8.78,8.9,,9.06
1990-09-18 00:00:00,,7.61,7.66,7.73,8.03,8.22,8.48,8.77,8.9,,9.05
1990-09-19 00:00:00,,7.64,7.69,7.79,8.08,8.24,8.51,8.78,8.88,,9.02
1990-09-20 00:00:00,,7.63,7.73,7.81,8.1,8.27,8.53,8.8,8.91,,9.05
1990-09-21 00:00:00,,7.6,7.71,7.77,8.12,8.31,8.58,8.87,8.99,,9.13
1990-09-24 00:00:00,,7.63,7.75,7.83,8.21,8.38,8.64,8.92,9.04,,9.18
1990-09-25 00:00:00,,7.59,7.78,7.85,8.18,8.4,8.64,8.91,9.02,,9.15
1990-09-26 00:00:00,,7.57,7.74,7.84,8.16,8.38,8.63,8.9,9.0,,9.14
1990-09-27 00:00:00,,7.47,7.61,7.72,8.05,8.28,8.52,8.81,8.91,,9.05
1990-09-28 00:00:00,,7.37,7.54,7.69,8.02,8.19,8.47,8.73,8.82,,8.96
1990-10-01 00:00:00,,7.37,7.53,7.63,7.94,8.12,8.38,8.63,8.71,,8.84
1990-10-02 00:00:00,,7.41,7.55,7.61,7.92,8.1,8.35,8.6,8.69,,8.84
1990-10-03 00:00:00,,7.38,7.53,7.57,7.88,8.09,8.33,8.6,8.71,,8.85
1990-10-04 00:00:00,,7.36,7.51,7.56,7.87,8.04,8.3,8.58,8.67,,8.81
1990-10-05 00:00:00,,7.27,7.44,7.51,7.81,8.0,8.27,8.54,8.65,,8.79
1990-10-08 00:00:00,,,,,,,,,,,
1990-10-09 00:00:00,,7.41,7.58,7.64,7.94,8.14,8.43,8.72,8.83,,8.98
1990-10-10 00:00:00,,7.44,7.6,7.64,7.99,8.19,8.49,8.78,8.89,,9.03
1990-10-11 00:00:00,,7.35,7.51,7.6,7.99,8.22,8.51,8.79,8.92,,9.08
1990-10-12 00:00:00,,7.37,7.52,7.59,7.94,8.16,8.44,8.7,8.84,,8.98
1990-10-15 00:00:00,,7.4,7.56,7.58,7.92,8.13,8.39,8.67,8.8,,8.95
1990-10-16 00:00:00,,7.39,7.58,7.58,7.92,8.13,8.39,8.66,8.79,,8.94
1990-10-17 00:00:00,,7.44,7.59,7.6,7.92,8.12,8.37,8.63,8.76,,8.89
1990-10-18 00:00:00,,7.49,7.57,7.59,7.91,8.08,8.32,8.59,8.71,,8.85
1990-10-19 00:00:00,,7.48,7.56,7.55,7.85,8.02,8.25,8.49,8.62,,8.75
1990-10-22 00:00:00,,7.47,7.55,7.53,7.85,8.03,8.25,8.5,8.63,,8.76
1990-10-23 00:00:00,,7.45,7.53,7.52,7.84,8.0,8.25,8.51,8.65,,8.79
1990-10-24 00:00:00,,7.46,7.53,7.52,7.84,8.0,8.26,8.52,8.66,,8.79
1990-10-25 00:00:00,,7.41,7.51,7.46,7.8,7.97,8.21,8.47,8.62,,8.74
1990-10-26 00:00:00,,7.36,7.45,7.46,7.8,7.97,8.23,8.48,8.63,,8.76
1990-10-29 00:00:00,,7.38,7.48,7.48,7.82,8.01,8.27,8.54,8.7,,8.84
1990-10-30 00:00:00,,7.37,7.51,7.48,7.79,8.02,8.28,8.56,8.7,,8.83
1990-10-31 00:00:00,,7.34,7.46,7.43,7.77,7.97,8.24,8.5,8.65,,8.78
1990-11-01 00:00:00,,7.28,7.38,7.32,7.68,7.88,8.15,8.42,8.57,,8.7
1990-11-02 00:00:00,,7.31,7.4,7.35,7.68,7.88,8.16,8.42,8.57,,8.7
1990-11-05 00:00:00,,7.31,7.39,7.33,7.63,7.84,8.1,8.36,8.5,,8.63
1990-11-06 00:00:00,,7.31,7.42,7.36,7.65,7.8,8.11,8.37,8.52,,8.64
1990-11-07 00:00:00,,7.32,7.43,7.36,7.67,7.82,8.16,8.44,8.57,,8.71
1990-11-08 00:00:00,,7.32,7.42,7.35,7.67,7.82,8.18,8.44,8.58,,8.73
1990-11-09 00:00:00,,7.27,7.39,7.33,7.61,7.75,8.1,8.36,8.49,,8.63
1990-11-12 00:00:00,,,,,,,,,,,
1990-11-13 00:00:00,,7.27,7.39,7.3,7.6,7.7,8.01,8.26,8.37,,8.52
1990-11-14 00:00:00,,7.3,7.38,7.31,7.58,7.7,8.01,8.25,8.36,,8.51
1990-11-15 00:00:00,,7.32,7.4,7.32,7.6,7.71,8.01,8.26,8.37,,8.53
1990-11-16 00:00:00,,7.31,7.37,7.27,7.58,7.69,7.96,8.2,8.3,,8.46
1990-11-19 00:00:00,,7.33,7.43,7.33,7.62,7.73,8.01,8.24,8.35,,8.51
1990-11-20 00:00:00,,7.32,7.42,7.34,7.62,7.72,7.98,8.21,8.31,,8.47
1990-11-21 00:00:00,,7.27,7.37,7.26,7.55,7.66,7.92,8.16,8.27,,8.44
1990-11-22 00:00:00,,,,,,,,,,,
1990-11-23 00:00:00,,7.25,7.32,7.23,7.53,7.63,7.92,8.16,8.28,,8.44
1990-11-26 00:00:00,,7.26,7.33,7.24,7.55,7.65,7.92,8.17,8.27,,8.42
1990-11-27 00:00:00,,7.27,7.34,7.28,7.5,7.66,7.94,8.18,8.28,,8.44
1990-11-28 00:00:00,,7.29,7.38,7.34,7.56,7.71,7.94,8.22,8.3,,8.46
1990-11-29 00:00:00,,7.26,7.38,7.34,7.58,7.72,7.96,8.23,8.32,,8.47
1990-11-30 00:00:00,,7.24,7.36,7.31,7.53,7.67,7.91,8.18,8.26,,8.4
1990-12-03 00:00:00,,7.28,7.37,7.31,7.51,7.65,7.88,8.14,8.22,,8.36
1990-12-04 00:00:00,,7.24,7.23,7.25,7.46,7.58,7.83,8.11,8.2,,8.37
1990-12-05 00:00:00,,7.23,7.21,7.24,7.46,7.58,7.82,8.09,8.16,,8.32
1990-12-06 00:00:00,,7.22,7.23,7.27,7.48,7.6,7.82,8.11,8.18,,8.35
1990-12-07 00:00:00,,7.1,7.08,7.12,7.33,7.45,7.67,7.96,8.03,,8.19
1990-12-10 00:00:00,,7.07,7.04,7.1,7.28,7.4,7.63,7.91,7.98,,8.14
1990-12-11 00:00:00,,7.06,7.06,7.07,7.26,7.38,7.6,7.87,7.94,,8.1
1990-12-12 00:00:00,,7.0,7.0,7.03,7.22,7.33,7.59,7.84,7.91,,8.07
1990-12-13 00:00:00,,7.05,7.04,7.11,7.31,7.42,7.68,7.91,7.98,,8.14
1990-12-14 00:00:00,,7.06,7.08,7.09,7.35,7.47,7.74,7.97,8.05,,8.2
1990-12-17 00:00:00,,7.02,7.07,7.06,7.31,7.45,7.71,7.96,8.02,,8.18
1990-12-18 00:00:00,,6.94,7.05,7.02,7.28,7.4,7.67,7.93,7.99,,8.15
1990-12-19 00:00:00,,6.83,6.91,6.89,7.21,7.37,7.64,7.92,8.0,,8.19
1990-12-20 00:00:00,,6.75,6.87,6.9,7.25,7.41,7.67,7.96,8.05,,8.22
1990-12-21 00:00:00,,6.79,6.94,6.95,7.3,7.46,7.75,8.03,8.11,,8.28
1990-12-24 00:00:00,,6.73,6.95,6.99,7.35,7.53,7.84,8.12,8.2,,8.36
1990-12-25 00:00:00,,,,,,,,,,,
1990-12-26 00:00:00,,6.68,6.91,6.94,7.27,7.5,7.78,8.07,8.15,,8.3
1990-12-27 00:00:00,,6.67,6.91,6.94,7.25,7.46,7.75,8.03,8.11,,8.25
1990-12-28 00:00:00,,6.64,6.85,6.91,7.25,7.48,7.78,8.08,8.14,,8.31
1990-12-31 00:00:00,,6.63,6.73,6.82,7.15,7.4,7.68,8.0,8.08,,8.26
1991-01-01 00:00:00,,,,,,,,,,,
1991-01-02 00:00:00,,6.66,6.73,6.74,7.08,7.3,7.59,7.9,7.97,,8.14
1991-01-03 00:00:00,,6.64,6.71,6.72,7.08,7.27,7.56,7.86,7.93,,8.11
1991-01-04 00:00:00,,6.73,6.82,6.83,7.17,7.37,7.65,7.94,8.02,,8.2
1991-01-07 00:00:00,,6.71,6.84,6.84,7.2,7.43,7.75,8.04,8.13,,8.32
1991-01-08 00:00:00,,6.64,6.74,6.75,7.15,7.39,7.74,8.06,8.16,,8.37
1991-01-09 00:00:00,,6.44,6.61,6.68,7.1,7.46,7.81,8.12,8.25,,8.46
1991-01-10 00:00:00,,6.4,6.57,6.64,7.14,7.39,7.76,8.02,8.16,,8.37
1991-01-11 00:00:00,,6.34,6.55,6.62,7.14,7.4,7.79,8.06,8.2,,8.39
1991-01-14 00:00:00,,6.24,6.47,6.6,7.18,7.44,7.82,8.09,8.23,,8.41
1991-01-15 00:00:00,,6.23,6.44,6.6,7.16,7.43,7.79,8.07,8.22,,8.41
1991-01-16 00:00:00,,6.22,6.46,6.61,7.21,7.47,7.83,8.09,8.24,,8.4
1991-01-17 00:00:00,,6.3,6.56,6.66,7.19,7.42,7.71,7.93,8.05,,8.18
1991-01-18 00:00:00,,6.24,6.51,6.61,7.14,7.38,7.68,7.92,8.03,,8.17
1991-01-21 00:00:00,,,,,,,,,,,
1991-01-22 00:00:00,,6.24,6.48,6.59,7.13,7.37,7.7,7.94,8.07,,8.23
1991-01-23 00:00:00,,6.32,6.49,6.59,7.08,7.36,7.67,7.91,8.04,,8.21
1991-01-24 00:00:00,,6.31,6.47,6.54,7.04,7.32,7.61,7.88,8.0,,8.18
1991-01-25 00:00:00,,6.35,6.52,6.61,7.1,7.36,7.67,7.93,8.06,,8.24
1991-01-28 00:00:00,,6.44,6.55,6.64,7.12,7.38,7.67,7.93,8.06,,8.23
1991-01-29 00:00:00,,6.41,6.55,6.59,7.1,7.35,7.64,7.9,8.03,,8.2
1991-01-30 00:00:00,,6.39,6.53,6.56,7.07,7.34,7.64,7.9,8.05,,8.23
1991-01-31 00:00:00,,6.37,6.49,6.51,7.05,7.3,7.62,7.89,8.03,,8.21
1991-02-01 00:00:00,,6.17,6.24,6.27,6.83,7.1,7.45,7.75,7.91,,8.09
1991-02-04 00:00:00,,6.15,6.23,6.24,6.82,7.07,7.43,7.72,7.88,,8.05
1991-02-05 00:00:00,,6.15,6.2,6.23,6.8,6.98,7.4,7.68,7.85,,8.02
1991-02-06 00:00:00,,6.08,6.14,6.22,6.82,6.99,7.4,7.68,7.79,,8.02
1991-02-07 00:00:00,,6.11,6.15,6.23,6.8,7.0,7.42,7.7,7.82,,8.01
1991-02-08 00:00:00,,6.09,6.15,6.21,6.8,6.99,7.4,7.66,7.77,,7.95
1991-02-11 00:00:00,,6.05,6.13,6.18,6.78,6.95,7.39,7.65,7.78,,7.97
1991-02-12 00:00:00,,6.02,6.13,6.18,6.78,6.97,7.39,7.66,7.78,,7.96
1991-02-13 00:00:00,,6.03,6.13,6.21,6.78,6.98,7.39,7.66,7.78,,7.97
1991-02-14 00:00:00,,6.02,6.1,6.19,6.77,6.98,7.38,7.67,7.8,,7.99
1991-02-15 00:00:00,,6.08,6.16,6.24,6.82,7.02,7.41,7.67,7.78,,7.97
1991-02-18 00:00:00,,,,,,,,,,,
1991-02-19 00:00:00,,6.13,6.2,6.3,6.87,7.07,7.46,7.7,7.8,,7.99
1991-02-20 00:00:00,,6.11,6.19,6.28,6.87,7.08,7.49,7.73,7.84,,8.02
1991-02-21 00:00:00,,6.09,6.17,6.29,6.9,7.13,7.51,7.77,7.88,,8.04
1991-02-22 00:00:00,,6.12,6.23,6.33,6.98,7.21,7.57,7.82,7.91,,8.07
1991-02-25 00:00:00,,6.16,6.25,6.33,6.99,7.2,7.57,7.79,7.91,,8.05
1991-02-26 00:00:00,,6.22,6.3,6.37,7.0,7.24,7.62,7.85,7.96,,8.14
1991-02-27 00:00:00,,6.21,6.28,6.36,7.02,7.25,7.64,7.87,7.98,,8.15
1991-02-28 00:00:00,,6.22,6.32,6.41,7.04,7.26,7.66,7.89,8.02,,8.19
1991-03-01 00:00:00,,6.27,6.38,6.52,7.18,7.41,7.78,8.0,8.12,,8.28
1991-03-04 00:00:00,,6.24,6.36,6.51,7.16,7.4,7.77,8.01,8.12,,8.29
1991-03-05 00:00:00,,6.25,6.32,6.48,7.13,7.35,7.73,7.98,8.08,,8.25
1991-03-06 00:00:00,,6.28,6.35,6.5,7.15,7.38,7.77,8.01,8.11,,8.29
1991-03-07 00:00:00,,6.27,6.36,6.5,7.12,7.34,7.73,7.97,8.07,,8.23
1991-03-08 00:00:00,,6.16,6.25,6.41,7.08,7.35,7.77,8.01,8.13,,8.3
1991-03-11 00:00:00,,6.08,6.21,6.37,7.05,7.3,7.71,7.94,8.06,,8.23
1991-03-12 00:00:00,,6.05,6.19,6.38,7.07,7.33,7.74,7.98,8.09,,8.26
1991-03-13 00:00:00,,6.02,6.12,6.3,7.0,7.23,7.67,7.91,8.02,,8.2
1991-03-14 00:00:00,,5.94,6.04,6.26,6.95,7.19,7.64,7.9,8.02,,8.2
1991-03-15 00:00:00,,5.98,6.1,6.3,7.01,7.26,7.73,7.98,8.1,,8.3
1991-03-18 00:00:00,,6.03,6.13,6.36,7.09,7.35,7.79,8.04,8.15,,8.34
1991-03-19 00:00:00,,6.08,6.23,6.48,7.22,7.48,7.93,8.14,8.25,,8.42
1991-03-20 00:00:00,,6.07,6.18,6.44,7.2,7.46,7.88,8.09,8.2,,8.37
1991-03-21 00:00:00,,6.06,6.15,6.39,7.13,7.4,7.82,8.04,8.16,,8.34
1991-03-22 00:00:00,,6.06,6.16,6.37,7.13,7.39,7.82,8.03,8.13,,8.33
1991-03-25 00:00:00,,6.07,6.17,6.35,7.14,7.39,7.83,8.03,8.13,,8.32
1991-03-26 00:00:00,,6.05,6.14,6.39,7.16,7.4,7.84,8.04,8.13,,8.31
1991-03-27 00:00:00,,5.99,6.08,6.33,7.07,7.36,7.76,7.99,8.08,,8.26
1991-03-28 00:00:00,,5.92,6.05,6.28,7.02,7.3,7.73,7.96,8.05,,8.24
1991-03-29 00:00:00,,,,,,,,,,,
1991-04-01 00:00:00,,5.94,6.04,6.27,7.01,7.3,7.74,7.97,8.07,,8.25
1991-04-02 00:00:00,,5.95,6.05,6.26,6.97,7.24,7.68,7.92,8.03,,8.22
1991-04-03 00:00:00,,5.95,6.06,6.28,6.99,7.27,7.71,7.94,8.05,,8.24
1991-04-04 00:00:00,,5.92,6.03,6.24,6.94,7.22,7.67,7.9,8.0,,8.19
1991-04-05 00:00:00,,5.89,6.01,6.24,6.92,7.2,7.65,7.89,7.99,,8.18
1991-04-08 00:00:00,,5.83,5.97,6.21,6.91,7.21,7.63,7.88,7.98,,8.16
1991-04-09 00:00:00,,5.79,5.95,6.23,6.94,7.23,7.68,7.93,8.03,,8.2
1991-04-10 00:00:00,,5.79,5.97,6.28,7.02,7.31,7.75,7.98,8.1,,8.27
1991-04-11 00:00:00,,5.74,5.91,6.23,6.95,7.25,7.74,7.97,8.09,,8.27
1991-04-12 00:00:00,,5.68,5.89,6.14,6.88,7.18,7.64,7.86,7.98,,8.16
1991-04-15 00:00:00,,5.77,5.96,6.22,6.9,7.17,7.64,7.84,7.95,,8.12
1991-04-16 00:00:00,,5.79,5.95,6.23,6.92,7.2,7.66,7.85,7.97,,8.13
1991-04-17 00:00:00,,5.73,5.89,6.2,6.9,7.17,7.64,7.83,7.95,,8.11
1991-04-18 00:00:00,,5.84,5.98,6.34,6.99,7.24,7.74,7.92,8.02,,8.18
1991-04-19 00:00:00,,5.93,6.04,6.31,7.03,7.27,7.8,7.99,8.1,,8.24
1991-04-22 00:00:00,,5.87,6.01,6.32,7.07,7.29,7.83,8.02,8.15,,8.3
1991-04-23 00:00:00,,5.89,6.03,6.28,7.05,7.28,7.78,7.99,8.12,,8.28
1991-04-24 00:00:00,,5.84,5.99,6.23,6.95,7.25,7.73,7.93,8.06,,8.22
1991-04-25 00:00:00,,5.78,5.96,6.19,6.93,7.22,7.7,7.95,8.07,,8.24
1991-04-26 00:00:00,,5.79,5.99,6.21,6.89,7.23,7.68,7.93,8.06,,8.22
1991-04-29 00:00:00,,5.77,5.98,6.22,6.9,7.22,7.7,7.93,8.07,,8.23
1991-04-30 00:00:00,,5.68,5.83,6.06,6.8,7.15,7.63,7.88,8.02,,8.2
1991-05-01 00:00:00,,5.71,5.84,6.09,6.8,7.14,7.63,7.87,8.01,,8.18
1991-05-02 00:00:00,,5.63,5.82,6.06,6.76,7.11,7.59,7.84,7.97,,8.14
1991-05-03 00:00:00,,5.64,5.83,6.1,6.8,7.16,7.67,7.91,8.04,,8.22
1991-05-06 00:00:00,,5.64,5.85,6.11,6.82,7.16,7.67,7.91,8.05,,8.23
1991-05-07 00:00:00,,5.67,5.91,6.15,6.82,7.1,7.67,7.92,8.06,,8.24
1991-05-08 00:00:00,,5.67,5.9,6.14,6.84,7.12,7.68,7.92,8.04,,8.24
1991-05-09 00:00:00,,5.65,5.89,6.13,6.84,7.12,7.68,7.92,8.02,,8.21
1991-05-10 00:00:00,,5.65,5.88,6.13,6.87,7.17,7.76,8.0,8.12,,8.33
1991-05-13 00:00:00,,5.65,5.86,6.11,6.84,7.13,7.72,7.96,8.07,,8.27
1991-05-14 00:00:00,,5.66,5.88,6.12,6.86,7.13,7.78,8.02,8.14,,8.36
1991-05-15 00:00:00,,5.62,5.86,6.13,6.84,7.12,7.77,8.02,8.13,,8.34
1991-05-16 00:00:00,,5.57,5.84,6.15,6.84,7.12,7.77,7.99,8.12,,8.33
1991-05-17 00:00:00,,5.57,5.83,6.16,6.86,7.14,7.77,7.98,8.08,,8.28
1991-05-20 00:00:00,,5.63,5.88,6.2,6.86,7.16,7.78,7.98,8.1,,8.3
1991-05-21 00:00:00,,5.67,5.92,6.18,6.84,7.13,7.74,7.95,8.06,,8.26
1991-05-22 00:00:00,,5.63,5.91,6.15,6.77,7.1,7.72,7.95,8.06,,8.28
1991-05-23 00:00:00,,5.57,5.88,6.13,6.74,7.1,7.71,7.96,8.1,,8.31
1991-05-24 00:00:00,,5.57,5.88,6.11,6.69,7.1,7.68,7.97,8.1,,8.31
1991-05-27 00:00:00,,,,,,,,,,,
1991-05-28 00:00:00,,5.59,5.87,6.12,6.66,7.07,7.66,7.93,8.07,,8.28
1991-05-29 00:00:00,,5.62,5.87,6.11,6.61,7.06,7.66,7.92,8.07,,8.29
1991-05-30 00:00:00,,5.62,5.87,6.13,6.6,7.03,7.63,7.89,8.02,,8.22
1991-05-31 00:00:00,,5.71,5.94,6.16,6.68,7.1,7.69,7.92,8.06,,8.26
1991-06-03 00:00:00,,5.79,6.0,6.27,6.79,7.21,7.8,8.01,8.14,,8.34
1991-06-04 00:00:00,,5.74,5.98,6.26,6.79,7.22,7.8,8.02,8.14,,8.34
1991-06-05 00:00:00,,5.76,6.0,6.28,6.83,7.26,7.84,8.07,8.19,,8.39
1991-06-06 00:00:00,,5.74,5.98,6.29,6.86,7.31,7.89,8.12,8.23,,8.42
1991-06-07 00:00:00,,5.74,6.01,6.39,6.98,7.43,7.96,8.18,8.29,,8.48
1991-06-10 00:00:00,,5.77,6.04,6.4,7.01,7.42,7.95,8.19,8.29,,8.48
1991-06-11 00:00:00,,5.74,6.05,6.39,6.99,7.42,7.96,8.19,8.29,,8.48
1991-06-12 00:00:00,,5.73,6.07,6.43,7.08,7.48,8.02,8.25,8.36,,8.55
1991-06-13 00:00:00,,5.76,6.08,6.4,7.08,7.47,8.0,8.24,8.34,,8.53
1991-06-14 00:00:00,,5.77,6.05,6.37,7.02,7.43,7.94,8.17,8.29,,8.47
1991-06-17 00:00:00,,5.78,6.08,6.38,7.02,7.43,7.96,8.19,8.3,,8.49
1991-06-18 00:00:00,,5.8,6.06,6.41,7.0,7.45,7.97,8.2,8.32,,8.52
1991-06-19 00:00:00,,5.74,6.02,6.37,6.95,7.41,7.97,8.21,8.33,,8.52
1991-06-20 00:00:00,,5.74,6.0,6.34,6.87,7.36,7.91,8.17,8.3,,8.48
1991-06-21 00:00:00,,5.75,6.02,6.37,6.94,7.41,7.95,8.2,8.32,,8.51
1991-06-24 00:00:00,,5.75,6.04,6.38,6.96,7.45,7.98,8.21,8.33,,8.51
1991-06-25 00:00:00,,5.75,6.03,6.39,7.04,7.45,7.99,8.22,8.33,,8.51
1991-06-26 00:00:00,,5.73,6.02,6.38,7.01,7.46,7.98,8.23,8.33,,8.51
1991-06-27 00:00:00,,5.73,6.0,6.35,7.0,7.43,7.97,8.21,8.32,,8.49
1991-06-28 00:00:00,,5.71,5.95,6.32,6.9,7.33,7.9,8.14,8.24,,8.42
1991-07-01 00:00:00,,5.76,5.99,6.38,6.97,7.39,7.93,8.17,8.26,,8.44
1991-07-02 00:00:00,,5.75,5.99,6.41,7.0,7.41,7.95,8.18,8.27,,8.44
1991-07-03 00:00:00,,5.73,5.96,6.39,6.97,7.4,7.92,8.15,8.26,,8.42
1991-07-04 00:00:00,,,,,,,,,,,
1991-07-05 00:00:00,,5.76,5.97,6.4,7.04,7.48,8.01,8.23,8.34,,8.49
1991-07-08 00:00:00,,5.75,5.94,6.36,7.0,7.48,8.0,8.25,8.34,,8.51
1991-07-09 00:00:00,,5.76,5.97,6.31,7.0,7.46,8.02,8.27,8.36,,8.53
1991-07-10 00:00:00,,5.75,5.96,6.28,6.97,7.47,8.0,8.23,8.35,,8.53
1991-07-11 00:00:00,,5.74,5.96,6.27,6.92,7.42,7.95,8.17,8.3,,8.47
1991-07-12 00:00:00,,5.72,5.94,6.26,6.88,7.36,7.9,8.13,8.26,,8.44
1991-07-15 00:00:00,,5.75,5.96,6.29,6.88,7.37,7.9,8.13,8.26,,8.44
1991-07-16 00:00:00,,5.76,5.99,6.32,6.9,7.35,7.91,8.14,8.27,,8.46
1991-07-17 00:00:00,,5.79,6.03,6.35,6.94,7.39,7.94,8.17,8.3,,8.49
1991-07-18 00:00:00,,5.77,6.01,6.34,6.91,7.42,7.95,8.17,8.31,,8.5
1991-07-19 00:00:00,,5.76,5.99,6.28,6.89,7.37,7.91,8.15,8.28,,8.48
1991-07-22 00:00:00,,5.76,6.02,6.31,6.91,7.39,7.92,8.15,8.28,,8.48
1991-07-23 00:00:00,,5.76,6.01,6.33,6.94,7.41,7.96,8.17,8.31,,8.5
1991-07-24 00:00:00,,5.75,5.97,6.28,6.88,7.33,7.86,8.1,8.24,,8.42
1991-07-25 00:00:00,,5.76,5.98,6.29,6.87,7.31,7.81,8.06,8.2,,8.38
1991-07-26 00:00:00,,5.76,5.96,6.24,6.85,7.3,7.82,8.06,8.2,,8.39
1991-07-29 00:00:00,,5.75,5.96,6.21,6.82,7.28,7.81,8.06,8.2,,8.39
1991-07-30 00:00:00,,5.73,5.95,6.23,6.84,7.27,7.81,8.06,8.21,,8.39
1991-07-31 00:00:00,,5.7,5.93,6.19,6.81,7.21,7.77,8.03,8.2,,8.36
1991-08-01 00:00:00,,5.72,5.94,6.23,6.84,7.22,7.78,8.05,8.2,,8.38
1991-08-02 00:00:00,,5.63,5.82,6.04,6.69,7.06,7.62,7.9,8.06,,8.25
1991-08-05 00:00:00,,5.68,5.84,6.04,6.69,7.05,7.62,7.89,8.04,,8.24
1991-08-06 00:00:00,,5.58,5.72,5.91,6.57,6.91,7.54,7.82,7.97,,8.18
1991-08-07 00:00:00,,5.55,5.69,5.85,6.54,6.9,7.51,7.8,7.93,,8.17
1991-08-08 00:00:00,,5.54,5.66,5.82,6.52,6.9,7.53,7.84,7.98,,8.22
1991-08-09 00:00:00,,5.48,5.62,5.8,6.49,6.86,7.51,7.82,7.98,,8.23
1991-08-12 00:00:00,,5.48,5.62,5.8,6.49,6.85,7.49,7.8,7.95,,8.21
1991-08-13 00:00:00,,5.45,5.64,5.8,6.48,6.84,7.46,7.76,7.91,,8.17
1991-08-14 00:00:00,,5.45,5.6,5.7,6.37,6.75,7.37,7.66,7.82,,8.08
1991-08-15 00:00:00,,5.46,5.59,5.67,6.33,6.73,7.37,7.68,7.84,,8.09
1991-08-16 00:00:00,,5.42,5.54,5.65,6.31,6.69,7.33,7.66,7.84,,8.09
1991-08-19 00:00:00,,5.27,5.43,5.52,6.24,6.63,7.31,7.65,7.83,,8.11
1991-08-20 00:00:00,,5.26,5.35,5.48,6.17,6.58,7.24,7.61,7.81,,8.09
1991-08-21 00:00:00,,5.44,5.52,5.63,6.27,6.65,7.27,7.63,7.8,,8.07
1991-08-22 00:00:00,,5.47,5.56,5.66,6.27,6.65,7.25,7.61,7.78,,8.05
1991-08-23 00:00:00,,5.56,5.71,5.82,6.46,6.78,7.39,7.71,7.88,,8.13
1991-08-26 00:00:00,,5.58,5.72,5.85,6.48,6.81,7.44,7.75,7.91,,8.15
1991-08-27 00:00:00,,5.55,5.68,5.8,6.41,6.76,7.42,7.74,7.89,,8.14
1991-08-28 00:00:00,,5.46,5.56,5.68,6.3,6.65,7.32,7.65,7.82,,8.06
1991-08-29 00:00:00,,5.43,5.53,5.65,6.25,6.59,7.24,7.58,7.74,,7.99
1991-08-30 00:00:00,,5.49,5.6,5.72,6.36,6.68,7.34,7.67,7.82,,8.06
1991-09-02 00:00:00,,,,,,,,,,,
1991-09-03 00:00:00,,5.51,5.61,5.72,6.33,6.67,7.32,7.66,7.81,,8.05
1991-09-04 00:00:00,,5.49,5.61,5.71,6.31,6.67,7.31,7.66,7.81,,8.06
1991-09-05 00:00:00,,5.48,5.61,5.71,6.31,6.67,7.32,7.67,7.83,,8.09
1991-09-06 00:00:00,,5.45,5.56,5.65,6.26,6.62,7.24,7.6,7.76,,8.02
1991-09-09 00:00:00,,5.44,5.53,5.61,6.23,6.58,7.2,7.56,7.73,,8.0
1991-09-10 00:00:00,,5.4,5.49,5.61,6.21,6.58,7.2,7.55,7.73,,8.01
1991-09-11 00:00:00,,5.42,5.5,5.61,6.23,6.58,7.21,7.56,7.74,,8.02
1991-09-12 00:00:00,,5.38,5.47,5.56,6.2,6.53,7.15,7.52,7.67,,7.96
1991-09-13 00:00:00,,5.31,5.42,5.53,6.18,6.51,7.13,7.48,7.66,,7.95
1991-09-16 00:00:00,,5.34,5.44,5.55,6.17,6.5,7.11,7.44,7.63,,7.93
1991-09-17 00:00:00,,5.35,5.46,5.56,6.18,6.5,7.1,7.43,7.62,,7.92
1991-09-18 00:00:00,,5.34,5.45,5.56,6.18,6.48,7.1,7.43,7.62,,7.92
1991-09-19 00:00:00,,5.36,5.48,5.59,6.2,6.47,7.1,7.43,7.61,,7.92
1991-09-20 00:00:00,,5.35,5.47,5.55,6.18,6.44,7.09,7.4,7.57,,7.89
1991-09-23 00:00:00,,5.37,5.47,5.54,6.17,6.42,7.09,7.38,7.55,,7.88
1991-09-24 00:00:00,,5.33,5.46,5.54,6.11,6.42,7.09,7.38,7.56,,7.89
1991-09-25 00:00:00,,5.33,5.45,5.53,6.12,6.42,7.06,7.4,7.58,,7.91
1991-09-26 00:00:00,,5.28,5.4,5.47,6.05,6.35,7.03,7.38,7.56,,7.89
1991-09-27 00:00:00,,5.28,5.36,5.43,6.02,6.31,6.95,7.31,7.49,,7.83
1991-09-30 00:00:00,,5.26,5.34,5.42,5.99,6.28,6.92,7.29,7.47,,7.82
1991-10-01 00:00:00,,5.25,5.35,5.42,5.99,6.26,6.9,7.27,7.45,,7.81
1991-10-02 00:00:00,,5.24,5.37,5.43,5.99,6.29,6.9,7.28,7.47,,7.83
1991-10-03 00:00:00,,5.19,5.33,5.39,5.98,6.25,6.88,7.26,7.47,,7.84
1991-10-04 00:00:00,,5.17,5.29,5.35,5.91,6.2,6.81,7.18,7.39,,7.79
1991-10-07 00:00:00,,5.18,5.3,5.35,5.93,6.2,6.81,7.18,7.4,,7.79
1991-10-08 00:00:00,,5.17,5.29,5.35,5.89,6.19,6.82,7.2,7.43,,7.82
1991-10-09 00:00:00,,5.16,5.28,5.36,5.93,6.23,6.87,7.24,7.51,,7.91
1991-10-10 00:00:00,,5.18,5.29,5.4,5.98,6.3,6.93,7.3,7.58,,7.98
1991-10-11 00:00:00,,5.14,5.23,5.33,5.91,6.22,6.84,7.19,7.49,,7.9
1991-10-14 00:00:00,,,,,,,,,,,
1991-10-15 00:00:00,,5.13,5.24,5.28,5.85,6.17,6.81,7.16,7.46,,7.87
1991-10-16 00:00:00,,5.12,5.22,5.27,5.86,6.17,6.79,7.15,7.45,,7.88
1991-10-17 00:00:00,,5.18,5.28,5.38,5.93,6.25,6.9,7.24,7.55,,8.0
1991-10-18 00:00:00,,5.18,5.28,5.39,5.95,6.24,6.88,7.22,7.53,,7.97
1991-10-21 00:00:00,,5.19,5.34,5.43,5.99,6.3,6.95,7.3,7.62,,8.06
1991-10-22 00:00:00,,5.21,5.35,5.44,6.02,6.33,6.99,7.35,7.67,,8.1
1991-10-23 00:00:00,,5.19,5.33,5.42,6.01,6.35,7.0,7.37,7.69,,8.09
1991-10-24 00:00:00,,5.12,5.25,5.32,5.93,6.25,6.91,7.33,7.65,,8.03
1991-10-25 00:00:00,,5.11,5.25,5.32,5.93,6.28,6.96,7.36,7.68,,8.05
1991-10-28 00:00:00,,5.09,5.2,5.29,5.88,6.24,6.91,7.32,7.65,,8.03
1991-10-29 00:00:00,,5.03,5.13,5.19,5.78,6.14,6.8,7.19,7.51,,7.91
1991-10-30 00:00:00,,4.98,5.07,5.13,5.73,6.12,6.77,7.18,7.48,,7.9
1991-10-31 00:00:00,,4.96,5.03,5.1,5.7,6.06,6.74,7.15,7.47,,7.91
1991-11-01 00:00:00,,4.89,4.98,5.03,5.65,6.02,6.71,7.16,7.48,,7.93
1991-11-04 00:00:00,,4.88,4.99,5.02,5.63,6.03,6.74,7.18,7.5,,7.95
1991-11-05 00:00:00,,4.9,5.01,5.07,5.7,6.04,6.79,7.21,7.56,,8.02
1991-11-06 00:00:00,,4.76,4.89,4.98,5.63,5.97,6.72,7.16,7.51,,8.01
1991-11-07 00:00:00,,4.76,4.88,4.96,5.62,5.95,6.65,7.08,7.43,,7.92
1991-11-08 00:00:00,,4.75,4.88,4.96,5.63,5.96,6.66,7.08,7.41,,7.88
1991-11-11 00:00:00,,,,,,,,,,,
1991-11-12 00:00:00,,4.77,4.89,4.98,5.65,5.97,6.65,7.05,7.37,,7.8
1991-11-13 00:00:00,,4.76,4.89,5.02,5.65,6.0,6.69,7.08,7.41,,7.88
1991-11-14 00:00:00,,4.76,4.86,4.95,5.6,5.93,6.62,7.02,7.35,,7.82
1991-11-15 00:00:00,,4.72,4.81,4.89,5.54,5.88,6.58,6.99,7.33,,7.84
1991-11-18 00:00:00,,4.71,4.82,4.89,5.55,5.88,6.57,6.98,7.33,,7.84
1991-11-19 00:00:00,,4.66,4.74,4.84,5.5,5.83,6.55,6.99,7.37,,7.9
1991-11-20 00:00:00,,4.62,4.73,4.83,5.52,5.84,6.56,7.01,7.38,,7.92
1991-11-21 00:00:00,,4.56,4.68,4.77,5.5,5.82,6.54,6.99,7.39,,7.96
1991-11-22 00:00:00,,4.55,4.67,4.75,5.49,5.82,6.56,7.02,7.44,,7.99
1991-11-25 00:00:00,,4.55,4.68,4.78,5.5,5.86,6.61,7.06,7.45,,7.99
1991-11-26 00:00:00,,4.52,4.63,4.75,5.45,5.81,6.53,7.04,7.42,,7.95
1991-11-27 00:00:00,,4.51,4.62,4.74,5.43,5.8,6.53,7.03,7.42,,7.97
1991-11-28 00:00:00,,,,,,,,,,,
1991-11-29 00:00:00,,4.47,4.57,4.69,5.38,5.76,6.48,6.99,7.38,,7.94
1991-12-02 00:00:00,,4.51,4.56,4.68,5.33,5.71,6.43,6.91,7.32,,7.92
1991-12-03 00:00:00,,4.48,4.53,4.64,5.29,5.67,6.39,6.86,7.28,,7.9
1991-12-04 00:00:00,,4.43,4.47,4.59,5.22,5.59,6.27,6.74,7.17,,7.84
1991-12-05 00:00:00,,4.43,4.48,4.6,5.22,5.6,6.3,6.78,7.21,,7.86
1991-12-06 00:00:00,,4.36,4.38,4.53,5.19,5.58,6.31,6.81,7.26,,7.78
1991-12-09 00:00:00,,4.28,4.33,4.44,5.09,5.48,6.23,6.75,7.22,,7.78
1991-12-10 00:00:00,,4.32,4.36,4.47,5.07,5.48,6.25,6.75,7.21,,7.79
1991-12-11 00:00:00,,4.26,4.32,4.46,5.04,5.44,6.26,6.76,7.22,,7.81
1991-12-12 00:00:00,,4.26,4.32,4.42,5.06,5.43,6.23,6.74,7.19,,7.77
1991-12-13 00:00:00,,4.26,4.33,4.43,5.09,5.46,6.3,6.79,7.22,,7.79
1991-12-16 00:00:00,,4.25,4.34,4.42,5.06,5.44,6.28,6.78,7.21,,7.77
1991-12-17 00:00:00,,4.22,4.32,4.38,5.02,5.39,6.24,6.75,7.18,,7.75
1991-12-18 00:00:00,,4.23,4.35,4.44,5.11,5.46,6.3,6.78,7.19,,7.76
1991-12-19 00:00:00,,4.15,4.29,4.39,5.05,5.4,6.19,6.73,7.11,,7.68
1991-12-20 00:00:00,,3.84,3.98,4.11,4.8,5.2,6.02,6.59,6.97,,7.59
1991-12-23 00:00:00,,3.87,4.01,4.13,4.79,5.17,6.0,6.51,6.88,,7.53
1991-12-24 00:00:00,,3.91,4.02,4.18,4.84,5.18,6.01,6.53,6.88,,7.53
1991-12-25 00:00:00,,,,,,,,,,,
1991-12-26 00:00:00,,3.92,4.06,4.19,4.85,5.17,6.0,6.51,6.85,,7.51
1991-12-27 00:00:00,,3.96,4.02,4.18,4.85,5.15,6.0,6.5,6.82,,7.52
1991-12-30 00:00:00,,3.97,4.02,4.14,4.8,5.14,5.97,6.44,6.76,,7.45
1991-12-31 00:00:00,,3.96,4.0,4.12,4.77,5.11,5.93,6.38,6.71,,7.41
1992-01-01 00:00:00,,,,,,,,,,,
1992-01-02 00:00:00,,3.96,4.01,4.13,4.77,5.13,5.98,6.46,6.78,,7.46
1992-01-03 00:00:00,,3.95,4.02,4.16,4.8,5.19,6.05,6.54,6.85,,7.48
1992-01-06 00:00:00,,3.92,3.96,4.12,4.76,5.14,6.02,6.51,6.82,,7.44
1992-01-07 00:00:00,,3.85,3.93,4.03,4.67,5.06,5.94,6.44,6.76,,7.39
1992-01-08 00:00:00,,3.82,3.9,4.0,4.66,5.05,5.96,6.42,6.77,,7.41
1992-01-09 00:00:00,,3.87,3.96,4.05,4.77,5.13,6.02,6.47,6.79,,7.42
1992-01-10 00:00:00,,3.92,4.0,4.11,4.85,5.22,6.1,6.54,6.85,,7.47
1992-01-13 00:00:00,,3.92,4.02,4.17,4.93,5.34,6.21,6.62,6.92,,7.49
1992-01-14 00:00:00,,3.92,4.01,4.16,5.0,5.44,6.34,6.77,7.03,,7.54
1992-01-15 00:00:00,,3.94,4.05,4.22,5.07,5.48,6.37,6.78,7.05,,7.57
1992-01-16 00:00:00,,3.89,4.02,4.18,5.07,5.51,6.41,6.84,7.13,,7.65
1992-01-17 00:00:00,,3.89,4.02,4.14,5.02,5.46,6.36,6.81,7.09,,7.61
1992-01-20 00:00:00,,,,,,,,,,,
1992-01-21 00:00:00,,3.86,3.97,4.1,4.97,5.36,6.27,6.71,7.03,,7.57
1992-01-22 00:00:00,,3.85,3.97,4.1,4.95,5.4,6.28,6.74,7.09,,7.62
1992-01-23 00:00:00,,3.87,3.98,4.15,5.02,5.51,6.32,6.84,7.2,,7.71
1992-01-24 00:00:00,,3.91,4.06,4.22,5.13,5.62,6.4,6.89,7.25,,7.71
1992-01-27 00:00:00,,3.93,4.07,4.24,5.15,5.66,6.41,6.88,7.24,,7.71
1992-01-28 00:00:00,,3.93,4.05,4.2,5.1,5.58,6.32,6.8,7.16,,7.66
1992-01-29 00:00:00,,3.96,4.07,4.22,5.15,5.67,6.42,6.89,7.25,,7.75
1992-01-30 00:00:00,,3.93,4.07,4.24,5.17,5.71,6.48,6.93,7.31,,7.79
1992-01-31 00:00:00,,3.94,4.07,4.23,5.11,5.65,6.44,6.92,7.31,,7.77
1992-02-03 00:00:00,,3.96,4.06,4.23,5.15,5.72,6.52,6.98,7.36,,7.82
1992-02-04 00:00:00,,3.94,4.04,4.21,5.12,5.67,6.46,6.91,7.29,,7.76
1992-02-05 00:00:00,,3.94,4.03,4.21,5.07,5.59,6.4,6.83,7.21,,7.74
1992-02-06 00:00:00,,3.91,4.02,4.2,5.05,5.56,6.4,6.81,7.2,,7.75
1992-02-07 00:00:00,,3.84,3.92,4.1,4.97,5.51,6.4,6.8,7.2,,7.77
1992-02-10 00:00:00,,3.83,3.93,4.08,4.94,5.52,6.38,6.79,7.21,,7.79
1992-02-11 00:00:00,,3.85,3.97,4.14,5.01,5.51,6.4,6.82,7.23,,7.79
1992-02-12 00:00:00,,3.85,3.97,4.16,5.08,5.55,6.46,6.88,7.3,,7.81
1992-02-13 00:00:00,,3.89,4.03,4.26,5.22,5.72,6.61,7.0,7.4,,7.92
1992-02-14 00:00:00,,3.89,4.04,4.32,5.27,5.76,6.65,7.02,7.41,,7.91
1992-02-17 00:00:00,,,,,,,,,,,
1992-02-18 00:00:00,,3.93,4.08,4.31,5.24,5.77,6.69,7.07,7.47,,7.97
1992-02-19 00:00:00,,3.95,4.11,4.33,5.28,5.78,6.67,7.05,7.42,,7.93
1992-02-20 00:00:00,,3.98,4.14,4.38,5.3,5.78,6.67,7.03,7.41,,7.91
1992-02-21 00:00:00,,4.03,4.2,4.47,5.46,5.93,6.77,7.1,7.45,,7.95
1992-02-24 00:00:00,,4.07,4.23,4.48,5.46,5.96,6.81,7.12,7.47,,7.97
1992-02-25 00:00:00,,4.07,4.22,4.47,5.43,5.92,6.78,7.09,7.44,,7.94
1992-02-26 00:00:00,,4.05,4.18,4.4,5.37,5.84,6.66,7.01,7.33,,7.85
1992-02-27 00:00:00,,4.04,4.14,4.36,5.34,5.84,6.67,7.02,7.35,,7.86
1992-02-28 00:00:00,,4.03,4.14,4.35,5.27,5.75,6.58,6.95,7.27,,7.8
1992-03-02 00:00:00,,4.14,4.28,4.5,5.45,5.94,6.73,7.07,7.38,,7.9
1992-03-03 00:00:00,,4.14,4.28,4.51,5.48,5.94,6.76,7.11,7.43,,7.93
1992-03-04 00:00:00,,4.13,4.27,4.52,5.5,5.98,6.76,7.1,7.43,,7.9
1992-03-05 00:00:00,,4.14,4.3,4.63,5.62,6.1,6.87,7.21,7.51,,7.95
1992-03-06 00:00:00,,4.14,4.29,4.6,5.6,6.05,6.85,7.18,7.48,,7.93
1992-03-09 00:00:00,,4.1,4.27,4.55,5.54,6.01,6.77,7.1,7.42,,7.88
1992-03-10 00:00:00,,4.11,4.29,4.58,5.56,6.02,6.78,7.11,7.43,,7.89
1992-03-11 00:00:00,,4.11,4.31,4.6,5.58,6.07,6.86,7.21,7.51,,7.96
1992-03-12 00:00:00,,4.12,4.33,4.69,5.74,6.22,7.01,7.33,7.62,,8.04
1992-03-13 00:00:00,,4.16,4.38,4.79,5.86,6.37,7.14,7.44,7.71,,8.06
1992-03-16 00:00:00,,4.18,4.41,4.78,5.87,6.37,7.12,7.43,7.69,,8.07
1992-03-17 00:00:00,,4.16,4.39,4.72,5.83,6.32,7.06,7.37,7.62,,8.02
1992-03-18 00:00:00,,4.15,4.4,4.74,5.84,6.33,7.06,7.36,7.62,,8.01
1992-03-19 00:00:00,,4.15,4.38,4.69,5.79,6.29,7.03,7.31,7.57,,7.98
1992-03-20 00:00:00,,4.16,4.4,4.74,5.86,6.36,7.12,7.38,7.64,,8.05
1992-03-23 00:00:00,,4.17,4.41,4.74,5.87,6.37,7.1,7.37,7.62,,8.04
1992-03-24 00:00:00,,4.15,4.34,4.66,5.78,6.26,7.0,7.27,7.53,,7.94
1992-03-25 00:00:00,,4.11,4.31,4.62,5.72,6.22,6.96,7.25,7.53,,7.94
1992-03-26 00:00:00,,4.11,4.3,4.6,5.69,6.23,6.98,7.29,7.57,,7.99
1992-03-27 00:00:00,,4.11,4.29,4.6,5.68,6.22,6.97,7.27,7.54,,7.94
1992-03-30 00:00:00,,4.16,4.33,4.56,5.61,6.19,6.93,7.25,7.54,,7.95
1992-03-31 00:00:00,,4.15,4.32,4.54,5.6,6.17,6.94,7.25,7.54,,7.96
1992-04-01 00:00:00,,4.11,4.26,4.48,5.53,6.07,6.82,7.17,7.46,,7.9
1992-04-02 00:00:00,,4.12,4.27,4.53,5.55,6.1,6.85,7.2,7.47,,7.92
1992-04-03 00:00:00,,4.06,4.17,4.4,5.37,5.93,6.76,7.13,7.42,,7.88
1992-04-06 00:00:00,,4.03,4.17,4.39,5.36,5.91,6.74,7.12,7.41,,7.88
1992-04-07 00:00:00,,3.96,4.12,4.35,5.34,5.89,6.73,7.12,7.41,,7.9
1992-04-08 00:00:00,,3.96,4.1,4.32,5.33,5.87,6.76,7.14,7.44,,7.94
1992-04-09 00:00:00,,3.75,3.87,4.08,5.09,5.65,6.59,7.02,7.35,,7.85
1992-04-10 00:00:00,,3.74,3.88,4.12,5.16,5.72,6.62,7.03,7.37,,7.89
1992-04-13 00:00:00,,3.7,3.85,4.08,5.11,5.69,6.58,6.98,7.33,,7.86
1992-04-14 00:00:00,,3.7,3.85,4.1,5.15,5.71,6.6,6.99,7.35,,7.88
1992-04-15 00:00:00,,3.7,3.84,4.14,5.22,5.77,6.66,7.02,7.37,,7.87
1992-04-16 00:00:00,,3.73,3.9,4.23,5.34,5.9,6.76,7.11,7.45,,7.93
1992-04-17 00:00:00,,,,,,,,,,,
1992-04-20 00:00:00,,3.79,4.01,4.34,5.45,6.03,6.9,7.25,7.59,,8.02
1992-04-21 00:00:00,,3.77,3.98,4.33,5.41,6.01,6.89,7.24,7.58,,8.03
1992-04-22 00:00:00,,3.77,3.98,4.33,5.41,6.01,6.89,7.23,7.57,,8.04
1992-04-23 00:00:00,,3.76,3.97,4.35,5.41,6.05,6.91,7.25,7.59,,8.06
1992-04-24 00:00:00,,3.76,3.94,4.27,5.33,5.99,6.85,7.21,7.55,,8.06
1992-04-27 00:00:00,,3.82,4.0,4.36,5.42,6.04,6.9,7.25,7.6,,8.1
1992-04-28 00:00:00,,3.8,3.97,4.34,5.4,6.03,6.87,7.23,7.57,,8.06
1992-04-29 00:00:00,,3.8,3.96,4.34,5.39,6.01,6.88,7.26,7.6,,8.08
1992-04-30 00:00:00,,3.79,3.97,4.4,5.46,6.05,6.91,7.26,7.61,,8.06
1992-05-01 00:00:00,,3.72,3.89,4.28,5.33,5.97,6.82,7.2,7.56,,8.01
1992-05-04 00:00:00,,3.71,3.91,4.28,5.32,5.95,6.82,7.21,7.58,,8.03
1992-05-05 00:00:00,,3.72,3.92,4.27,5.3,5.92,6.8,7.18,7.56,,8.01
1992-05-06 00:00:00,,3.7,3.88,4.22,5.25,5.9,6.76,7.15,7.46,,7.97
1992-05-07 00:00:00,,3.71,3.9,4.26,5.34,5.96,6.8,7.16,7.49,,8.0
1992-05-08 00:00:00,,3.72,3.88,4.22,5.29,5.88,6.73,7.09,7.41,,7.9
1992-05-11 00:00:00,,3.74,3.87,4.18,5.24,5.82,6.71,7.07,7.4,,7.9
1992-05-12 00:00:00,,3.7,3.84,4.15,5.19,5.78,6.66,7.02,7.36,,7.86
1992-05-13 00:00:00,,3.67,3.81,4.09,5.14,5.72,6.64,7.0,7.34,,7.85
1992-05-14 00:00:00,,3.65,3.82,4.09,5.13,5.72,6.63,7.0,7.34,,7.87
1992-05-15 00:00:00,,3.66,3.8,4.08,5.11,5.7,6.6,6.96,7.28,,7.81
1992-05-18 00:00:00,,3.69,3.83,4.08,5.12,5.69,6.59,6.96,7.28,,7.82
1992-05-19 00:00:00,,3.62,3.74,4.0,5.0,5.59,6.47,6.86,7.2,,7.77
1992-05-20 00:00:00,,3.65,3.79,4.08,5.13,5.66,6.55,6.93,7.25,,7.79
1992-05-21 00:00:00,,3.76,3.93,4.25,5.34,5.89,6.77,7.1,7.39,,7.86
1992-05-22 00:00:00,,3.77,3.91,4.19,5.24,5.81,6.69,7.05,7.35,,7.83
1992-05-25 00:00:00,,,,,,,,,,,
1992-05-26 00:00:00,,3.84,4.02,4.32,5.35,5.91,6.79,7.14,7.46,,7.92
1992-05-27 00:00:00,,3.79,3.98,4.27,5.28,5.86,6.74,7.11,7.44,,7.91
1992-05-28 00:00:00,,3.77,3.95,4.24,5.22,5.79,6.67,7.04,7.36,,7.87
1992-05-29 00:00:00,,3.79,3.96,4.24,5.19,5.75,6.61,7.0,7.33,,7.84
1992-06-01 00:00:00,,3.82,4.01,4.32,5.29,5.84,6.69,7.06,7.39,,7.9
1992-06-02 00:00:00,,3.83,4.0,4.3,5.23,5.78,6.61,7.02,7.35,,7.87
1992-06-03 00:00:00,,3.8,3.99,4.27,5.2,5.76,6.6,7.01,7.34,,7.88
1992-06-04 00:00:00,,3.78,3.98,4.26,5.22,5.76,6.6,7.01,7.34,,7.88
1992-06-05 00:00:00,,3.77,3.94,4.21,5.13,5.7,6.55,6.96,7.31,,7.84
1992-06-08 00:00:00,,3.78,3.95,4.2,5.11,5.69,6.56,6.97,7.31,,7.84
1992-06-09 00:00:00,,3.77,3.94,4.2,5.11,5.69,6.59,6.99,7.33,,7.88
1992-06-10 00:00:00,,3.77,3.95,4.2,5.13,5.69,6.59,7.01,7.35,,7.9
1992-06-11 00:00:00,,3.75,3.92,4.18,5.09,5.67,6.56,6.98,7.33,,7.88
1992-06-12 00:00:00,,3.75,3.88,4.14,5.06,5.61,6.49,6.94,7.29,,7.85
1992-06-15 00:00:00,,3.75,3.88,4.13,5.05,5.6,6.49,6.93,7.28,,7.85
1992-06-16 00:00:00,,3.72,3.86,4.12,5.02,5.56,6.44,6.88,7.24,,7.84
1992-06-17 00:00:00,,3.7,3.83,4.1,5.0,5.55,6.44,6.86,7.23,,7.82
1992-06-18 00:00:00,,3.69,3.82,4.08,4.94,5.5,6.39,6.81,7.19,,7.8
1992-06-19 00:00:00,,3.74,3.89,4.17,5.0,5.54,6.45,6.87,7.24,,7.83
1992-06-22 00:00:00,,3.75,3.88,4.15,4.99,5.55,6.45,6.86,7.24,,7.84
1992-06-23 00:00:00,,3.77,3.93,4.22,5.1,5.58,6.5,6.88,7.25,,7.85
1992-06-24 00:00:00,,3.72,3.85,4.11,4.96,5.47,6.39,6.83,7.2,,7.83
1992-06-25 00:00:00,,3.71,3.82,4.09,4.89,5.41,6.32,6.75,7.14,,7.78
1992-06-26 00:00:00,,3.71,3.83,4.11,4.88,5.42,6.33,6.78,7.15,,7.79
1992-06-29 00:00:00,,3.66,3.77,4.04,4.83,5.38,6.29,6.74,7.12,,7.78
1992-06-30 00:00:00,,3.65,3.77,4.05,4.83,5.39,6.29,6.76,7.14,,7.79
